Goalie Name,Goalie Defense Rating,Team Code,Team Name,Last Name,Offense Rating,Defense Rating,Position (F or D),First Name,Shot Power,Passing,Aggression,Roughness,Endurance,Checking,Shot Accuracy,Stick Handling,Agility,Speed,Overall Rating,Age,All Star App.,Column 1,Column 2,Column 3,Column 4,Career GP,Career GP
Hebert,60,ANA,Anaheim Ducks,Yake,79,47,F,Terry,C,C,D,D,B,C,B,C,C,B,65,26,,196,55,73,128,,
Shtalenkov,53,ANA,Anaheim Ducks,Semenov,56,64,F,Anatoli,C,C,D,F-,B,D,C,C,C,B,64,31,,225,63,91,154,,
Rick Wamsley,38,ANA,Anaheim Ducks,Lebeau,64,49,F,Stephan,C,C,F,D,B,D,B,C,C,C,64,25,,302,93,148,241,,
,,ANA,Anaheim Ducks,Corkum,58,54,F,Bob,C,D,D,A,C,C,C,C,C,C,56,26,,198,32,39,71,,
,,ANA,Anaheim Ducks,Sacco,51,42,F,Joe,C,D,D,C,C,C,C,C,C,C,59,24,,199,37,37,74,,
,,ANA,Anaheim Ducks,Hill,44,45,D,Sean,D,D,B,C,C,D,D,C,C,C,48,23,,105,11,24,35,,
,,ANA,Anaheim Ducks,Douris,41,57,F,Peter,C,D,F,B,D,D,D,D,C,C,49,27,,311,54,64,118,,
,,ANA,Anaheim Ducks,Sweeney,62,47,F,Tim,C,D,F,B,C,F,C,C,C,D,52,26,,156,32,50,82,,
,,ANA,Anaheim Ducks,Dollas,42,67,D,Bobby,C,D,D,D,C,C,D,C,C,D,53,28,,371,23,64,87,,
,,ANA,Anaheim Ducks,Valk,45,62,F,Garry,C,D,C,C,C,C,C,C,D,D,52,26,,203,36,45,81,,
,,ANA,Anaheim Ducks,Loney,43,50,F,Troy,D,F,D,D,C,B,F,C,D,C,50,30,,590,82,109,191,,
,,ANA,Anaheim Ducks,King,47,46,F,Steven,D,D,D,B,C,D,C,C,D,D,49,24,,67,17,12,29,,
,,ANA,Anaheim Ducks,Ladouceur,34,75,D,Randy,F,F,B,A,B,C,F,C,C,D,46,33,,785,28,115,143,,
,,ANA,Anaheim Ducks,Carnback,51,42,F,Patrik,D,D,D,C,D,F-,D,C,D,D,45,25,,52,12,11,23,,
,,ANA,Anaheim Ducks,Houlder,42,42,D,Bill,C,D,D,B,C,D,C,C,F,D,48,26,,258,32,67,99,,
,,ANA,Anaheim Ducks,VanAllen,47,56,F,Shaun,D,D,D,F,C,C,D,C,D,D,48,26,,101,11,30,41,,
,,ANA,Anaheim Ducks,Williams,38,39,D,David,D,D,C,B,D,D,D,D,D,D,46,26,,151,11,36,47,,
,,ANA,Anaheim Ducks,McSween,42,45,D,Don,C,D,D,D,D,D,D,C,D,F,45,29,,41,3,10,13,,
,,ANA,Anaheim Ducks,Ferner,39,40,D,Mark,D,D,D,C,D,D,D,D,D,F,45,28,,83,3,15,18,,
,,ANA,Anaheim Ducks,Ewen,41,33,F,Todd,D,F,A,C,D,C,D,D,F,F,42,27,,371,31,34,65,,
,,ANA,Anaheim Ducks,Grimson,25,44,F,Stu,F,F,A,A,D,D,F,F,F,F,36,28,,233,4,7,11,,
Casey,69,BOS,Boston Bruins,Bourque,98,81,D,Ray,A ,A,D,B,A+,B,A,A,A ,B,97,33,,"1,114",310,852,"1,162",,
Riendeau,42,BOS,Boston Bruins,Iafrate,64,65,D,Al,A+,B,B,C,C,B,D,B,B,B,76,27,,640,133,258,391,,
,,BOS,Boston Bruins,Smolinski,67,47,F,Bryan,C,C,C,B,C,D,C,B,B,B,70,22,,92,32,32,64,,
,,BOS,Boston Bruins,Kvartalnov,79,30,F,Dmitri,C,B,F,D,B,F,B,B,B,B,67,27,,112,42,49,91,,
,,BOS,Boston Bruins,Oates,99,96,F,Adam,F,A+,F,F-,A,C,B,D,A ,B,84,31,,632,196,576,772,,
,,BOS,Boston Bruins,Wesley,77,71,D,Glen,B,B,D,B,B,C,D,D,A ,B,70,25,,536,77,230,307,,
,,BOS,Boston Bruins,Neely,85,77,F,Cam,A ,B,B,B,A,B,A,D,C,C,76,28,,580,313,212,525,,
,,BOS,Boston Bruins,Murray,56,46,F,Glen,C,D,D,B,C,D,B,C,B,C,59,21,,113,13,17,30,,
,,BOS,Boston Bruins,Sweeney,53,69,D,Don,C,B,D,F,B,B,F,B,B,C,66,27,,437,23,101,124,,
,,BOS,Boston Bruins,Donato,62,64,F,Ted,C,C,D,C,C,D,C,D,C,B,61,24,,155,34,55,89,,
,,BOS,Boston Bruins,Heinze,52,54,F,Stephen,C,C,F,B,C,C,C,D,C,B,62,23,,140,28,32,60,,
,,BOS,Boston Bruins,Marois,42,38,F,Dan,C,D,C,B,D,F,C,C,C,C,49,25,,330,116,84,200,,
,,BOS,Boston Bruins,Hughes,40,49,F,Brent,D,C,B,A,D,C,D,C,C,C,50,27,,158,26,21,47,,
,,BOS,Boston Bruins,Leach,60,49,F,Stephen,B,C,C,B,B,C,C,C,C,D,59,27,,365,92,96,188,,
,,BOS,Boston Bruins,Czerkawski,46,41,F,Mariusz,D,C,D,C,C,F,D,C,C,C,50,21,,4,2,1,3,,
,,BOS,Boston Bruins,Feathrston,34,38,D,Glen,D,D,A,C,D,B,C,D,C,C,50,25,,277,15,45,60,,
,,BOS,Boston Bruins,Stanton,41,54,D,Paul,B,B,C,A,C,C,F,F,C,C,48,26,,227,32,70,102,,
,,BOS,Boston Bruins,Reid,38,62,F,Dave,C,D,F-,D,B,D,B,F,C,C,51,29,,431,82,87,169,,
,,BOS,Boston Bruins,Shaw,44,73,D,David,D,D,C,A,B,C,D,C,D,D,51,29,,539,35,114,149,,
,,BOS,Boston Bruins,Stumpel,38,40,F,Jozef,D,C,F,D,C,F,C,C,D,D,48,21,,114,12,51,63,,
,,BOS,Boston Bruins,Roberts,29,58,D,Gordie,F,D,C,F-,C,C,C,F,C,D,45,36,,"1,041",60,348,408,,
,,BOS,Boston Bruins,McKim,38,40,F,Andrew,F,D,F,C,D,F,D,D,D,D,44,23,,30,1,3,4,,
Hasek,94,BUF,Buffalo Sabres,Mogilny,99,48,F,Alexnder,A+,C,F,B,B,F,B,B,A+,A+,86,24,,323,203,196,399,,
Fuhr,83,BUF,Buffalo Sabres,Hawerchuk,85,76,F,Dale,C,A,D,F-,B,D,C,A,A+,B,84,30,,"1,118",489,776,"1,265",,
,,BUF,Buffalo Sabres,LaFontaine,99,67,F,Pat,B,A+,D,D,A+,D,B,A,A ,B,90,28,,733,421,415,836,,
,,BUF,Buffalo Sabres,Plante,75,59,F,Derek,C,B,F,D,C,D,C,B,B,B,70,22,,77,21,35,56,,
,,BUF,Buffalo Sabres,Khmylev,63,75,F,Yuri,B,C,D,C,B,C,B,B,B,C,74,29,,140,58,60,118,,
,,BUF,Buffalo Sabres,Audette,76,53,F,Donald,B,C,D,A,C,D,B,C,C,C,64,24,,151,64,61,125,,
,,BUF,Buffalo Sabres,Svoboda,38,66,D,Petr,C,C,C,F-,B,C,F-,C,B,B,59,27,,574,47,185,232,,
,,BUF,Buffalo Sabres,Simpson,75,55,F,Craig,B,C,D,F,C,D,B,C,C,C,64,26,,531,227,212,439,,
,,BUF,Buffalo Sabres,Wood,58,74,F,Randy,D,D,C,B,B,C,C,D,D,A,62,30,,575,140,114,254,,
,,BUF,Buffalo Sabres,Presley,49,65,F,Wayne,C,D,C,B,C,C,C,C,C,C,59,28,,572,142,137,279,,
,,BUF,Buffalo Sabres,Boucher,58,43,D,Philippe,C,B,C,D,C,D,D,B,C,C,58,20,,65,7,14,21,,
,,BUF,Buffalo Sabres,Dawe,60,44,F,Jason,C,C,F,B,C,D,B,C,C,C,58,20,,40,6,11,17,,
,,BUF,Buffalo Sabres,Bodger,56,67,D,Doug,D,C,D,F,B,D,F,B,B,C,61,27,,766,85,335,420,,
,,BUF,Buffalo Sabres,Ray,34,41,F,Rob,F,F,A,A,F,B,D,D,C,B,48,25,,236,22,19,41,,
,,BUF,Buffalo Sabres,Smehlik,49,78,D,Richard,B,C,D,C,C,C,C,C,C,D,60,23,,120,6,32,38,,
,,BUF,Buffalo Sabres,Sweeney,54,90,F,Bob,C,C,C,D,B,C,B,D,C,D,61,29,,546,114,151,265,,
,,BUF,Buffalo Sabres,Hannan,45,48,F,Dave,D,D,D,F,D,D,C,C,C,D,49,32,,727,86,157,243,,
,,BUF,Buffalo Sabres,May,48,42,F,Brad,C,D,B,A,C,B,C,D,D,D,50,22,,178,26,50,76,,
,,BUF,Buffalo Sabres,Sutton,45,71,D,Ken,D,C,D,D,C,F,D,D,C,D,48,24,,115,6,27,33,,
,,BUF,Buffalo Sabres,Muni,32,91,D,Craig,D,D,C,D,B,B,F,C,D,D,48,31,,597,25,107,132,,
,,BUF,Buffalo Sabres,Moller,41,35,D,Randy,D,D,B,F,F,C,F,D,C,D,43,30,,747,51,161,212,,
,,BUF,Buffalo Sabres,Barnaby,43,32,F,Matthew,D,D,B,C,C,C,D,D,D,D,44,20,,37,2,5,7,,
Vernon,68,CGY,Calgary Flames,Fleury,64,67,F,Theoren,B,C,C,C,B,B,B,B,A ,A,82,25,,429,193,245,438,,
Kidd,56,CGY,Calgary Flames,Roberts,90,66,F,Gary,B,B,A,C,A,B,A,B,C,B,84,27,,508,206,186,392,,
,,CGY,Calgary Flames,Reichel,79,53,F,Robert,A ,B,D,C,C,D,A,B,B,C,74,22,,224,91,103,194,,
,,CGY,Calgary Flames,MacInnis,67,71,D,Al,A+,B,C,C,A,C,D,B,B,B,77,35,,803,213,609,822,,
,,CGY,Calgary Flames,Zalapski,73,49,D,Zarley,C,C,D,C,A,C,D,B,A ,B,74,25,,418,83,241,324,,
,,CGY,Calgary Flames,Nieuwendyk,92,48,F,Joe,B,B,D,C,B,C,A,B,B,C,75,27,,512,307,249,556,,
,,CGY,Calgary Flames,Patrick,52,76,D,James,C,B,D,D,C,C,D,B,A ,B,70,30,,785,120,331,451,,
,,CGY,Calgary Flames,Nylander,76,49,F,Michael,C,B,D,F,C,D,D,B,B,B,68,21,,124,13,51,64,,
,,CGY,Calgary Flames,Titov,56,53,F,German,C,C,D,A,C,C,B,C,C,C,61,28,,76,27,18,45,,
,,CGY,Calgary Flames,Otto,43,88,F,Joel,C,D,A,D,B,A,B,C,C,D,61,32,,554,137,229,366,,
,,CGY,Calgary Flames,Petit,46,54,D,Michel,B,D,C,D,C,B,F,C,C,C,54,29,,617,71,211,282,,
,,CGY,Calgary Flames,Kisio,54,80,F,Kelly,C,C,C,F,B,B,C,C,C,D,62,34,,884,267,355,622,,
,,CGY,Calgary Flames,Musil,37,63,D,Frank,D,D,C,C,C,C,F,D,C,B,51,29,,574,33,86,119,,
,,CGY,Calgary Flames,Yawney,41,70,D,Trent,D,C,D,D,C,D,D,C,C,C,50,28,,426,20,90,110,,
,,CGY,Calgary Flames,Walz,51,57,F,Wes,D,C,F,F,C,F,C,C,D,C,53,23,,139,22,36,58,,
,,CGY,Calgary Flames,Dahlquist,35,60,D,Chris,D,D,C,C,C,C,F,C,C,D,48,31,,375,16,48,64,,
,,CGY,Calgary Flames,Dahl,31,63,D,Kevin,F,C,D,F,C,C,F,C,C,D,48,25,,104,6,22,28,,
,,CGY,Calgary Flames,Keczmer,38,53,D,Dan,F,F,C,A,D,D,D,C,D,D,44,25,,169,5,29,34,,
,,CGY,Calgary Flames,Kruse,42,43,F,Paul,D,D,B,B,C,C,D,D,D,D,46,23,,69,3,2,5,,
,,CGY,Calgary Flames,Stern,43,37,F,Ronnie,D,D,A,C,D,C,D,D,D,D,46,26,,372,52,65,117,,
,,CGY,Calgary Flames,Schlegel,33,42,D,Brad,D,D,D,B,C,D,F,D,D,D,42,25,,26,2,0,2,,
,,CGY,Calgary Flames,McCarthy,38,46,F,Sandy,D,D,A,B,C,C,D,D,F,F,44,21,,35,1,0,1,,
Belfour,99,CHI,Chicago Blackhawks,Roenick,89,73,F,Jeremy,A ,A,C,D,A,C,A,A,A ,A,91,23,,388,194,237,431,,
Hacket,34,CHI,Chicago Blackhawks,Suter,70,74,D,Gary,B,B,B,D,A,B,D,B,A ,B,79,29,,726,155,412,567,,
,,CHI,Chicago Blackhawks,Chelios,80,99,D,Chris,A ,B,A,D,A+,B,D,B,B,B,83,31,,775,126,453,579,,
,,CHI,Chicago Blackhawks,Murphy,63,55,F,Joe,B,B,C,C,B,C,C,C,B,A,74,26,,432,126,187,313,,
,,CHI,Chicago Blackhawks,Amonte,79,48,F,Tony,B,C,D,A,B,F,C,C,B,A,71,23,,236,92,107,199,,
,,CHI,Chicago Blackhawks,Ysebaert,48,74,F,Paul,C,B,D,C,C,D,C,C,B,B,65,27,,351,110,137,247,,
,,CHI,Chicago Blackhawks,Ruuttu,49,64,F,Christan,C,B,C,D,B,B,D,C,B,B,70,29,,588,132,246,378,,
,,CHI,Chicago Blackhawks,Smith,57,64,D,Steve,C,B,B,D,A,B,D,C,B,B,68,30,,601,57,246,303,,
,,CHI,Chicago Blackhawks,Graham,58,86,F,Dirk,B,C,B,A,B,B,D,C,B,C,67,34,,710,215,215,430,,
,,CHI,Chicago Blackhawks,Goulet,61,55,F,Michel,B,C,D,C,C,D,B,C,B,C,59,33,,"1,089",548,604,"1,152",,
,,CHI,Chicago Blackhawks,Weinrich,49,55,D,Eric,C,C,D,F,B,C,D,C,C,B,61,27,,231,21,73,94,,
,,CHI,Chicago Blackhawks,Sutter,55,83,F,Brent,C,C,B,F,A,B,C,B,C,D,65,31,,843,281,401,682,,
,,CHI,Chicago Blackhawks,Poulin,59,43,F,Patrick,C,C,D,D,A,C,C,C,C,C,60,20,,161,44,48,92,,
,,CHI,Chicago Blackhawks,Cunnyworth,41,57,F,Randy,C,C,C,A,C,C,D,C,D,C,53,32,,624,142,169,311,,
,,CHI,Chicago Blackhawks,Dubinsky,39,47,F,Steve,C,D,F,D,C,F,D,C,C,C,49,23,,45,3,6,9,,
,,CHI,Chicago Blackhawks,Wilkinson,35,54,D,Neil,D,C,C,B,B,C,F-,C,C,C,47,26,,285,12,38,50,,
,,CHI,Chicago Blackhawks,Russell,34,53,D,Cam,D,D,A,A,C,C,F,D,C,C,47,24,,219,5,12,17,,
,,CHI,Chicago Blackhawks,Carney,45,34,D,Keith,D,D,B,B,F,C,D,C,D,C,48,23,,153,5,20,25,,
,,CHI,Chicago Blackhawks,Sutter,43,71,F,Rich,F,D,B,B,B,D,D,D,C,C,49,30,,792,172,134,306,,
,,CHI,Chicago Blackhawks,Shantz,47,34,F,Jeff,D,C,D,D,C,D,D,C,D,C,49,20,,52,3,13,16,,
,,CHI,Chicago Blackhawks,Kimble,44,32,F,Darin,F,F,A,C,F,C,B,F,F,F,40,25,,260,10,19,29,,
,,CHI,Chicago Blackhawks,Smyth,34,30,D,Greg,F-,F-,A,B,F,F,F,F,F,F,33,27,,181,4,14,18,,
Moog,67,MIN,Minnesota North Stars,Modano,99,77,F,Mike,A ,B,D,C,A,D,B,A,A ,A,91,23,,399,171,231,402,,
Wakaluk,59,MIN,Minnesota North Stars,Courtnall,70,49,F,Russ,B,B,D,C,B,D,C,B,A ,A+,77,28,,651,205,281,486,,
,,MIN,Minnesota North Stars,Gagner,80,57,F,Dave,C,B,B,B,B,D,B,B,B,B,73,29,,618,226,252,478,,
,,MIN,Minnesota North Stars,Eklund,69,58,F,Pelle,C,B,F,F-,B,D,C,B,A ,C,69,30,,589,120,332,452,,
,,MIN,Minnesota North Stars,Broten,62,83,F,Neal,C,B,F,D,B,D,D,C,C,B,64,34,,921,261,574,835,,
,,MIN,Minnesota North Stars,Gilchrist,49,39,F,Brent,C,C,D,A,D,C,C,C,B,C,58,26,,386,63,90,153,,
,,MIN,Minnesota North Stars,McPhee,51,74,F,Mike,C,D,D,B,B,B,C,C,B,C,66,33,,744,191,237,428,,
,,MIN,Minnesota North Stars,Tinordi,52,76,D,Mark,B,D,A,C,B,A,C,C,C,C,67,27,,462,44,123,167,,
,,MIN,Minnesota North Stars,Craig,48,44,F,Mike,C,D,C,C,C,C,C,C,C,C,57,22,,228,54,52,106,,
,,MIN,Minnesota North Stars,Zmolek,41,52,D,Doug,D,C,A,D,C,C,F,C,B,C,54,23,,114,7,15,22,,
,,MIN,Minnesota North Stars,Cavallini,42,71,D,Paul,C,C,D,A,C,C,D,C,C,C,58,28,,512,52,163,215,,
,,MIN,Minnesota North Stars,Klatt,53,43,F,Trent,D,D,F,C,C,F,C,C,C,C,51,22,,104,18,24,42,,
,,MIN,Minnesota North Stars,Ledyard,58,59,D,Grant,F,C,D,D,D,C,F-,C,B,C,52,32,,588,57,167,224,,
,,MIN,Minnesota North Stars,Matvichuk,31,58,D,Richard,C,D,D,A,C,C,F,D,C,C,47,20,,53,4,4,8,,
,,MIN,Minnesota North Stars,Hatcher,41,72,D,Derian,D,D,B,D,B,B,D,C,C,D,54,21,,161,20,33,53,,
,,MIN,Minnesota North Stars,Evason,39,47,F,Dean,D,C,C,F,C,D,C,C,D,D,49,29,,736,129,220,349,,
,,MIN,Minnesota North Stars,May,43,50,F,Alan,C,D,A,B,C,C,F,D,C,D,48,28,,301,29,40,69,,
,,MIN,Minnesota North Stars,Barr,35,54,F,Dave,D,D,D,D,C,C,D,C,D,D,47,33,,554,128,204,332,,
,,MIN,Minnesota North Stars,Broten,38,74,F,Paul,F,F,B,C,C,D,D,C,D,D,48,28,,295,45,53,98,,
,,MIN,Minnesota North Stars,Needham,38,45,F,Mike,D,D,F,B,D,D,C,D,D,D,46,23,,95,14,11,25,,
,,MIN,Minnesota North Stars,Churla,44,46,F,Shane,F,D,A,F,D,B,D,D,D,D,46,28,,288,22,29,51,,
,,MIN,Minnesota North Stars,Ludwig,36,70,D,Craig,D,D,B,C,C,C,F-,D,D,D,46,32,,911,32,150,182,,
Osgood,77,DET,Detroit Red Wings,Fedorov,99,92,F,Sergei,B,A,C,D,A,D,A,A,A+,A+,99,24,,298,155,181,336,,
Essesna,56,DET,Detroit Red Wings,Yzerman,88,70,F,Steve,C,A,F,F,A+,F,B,A,A+,A,93,28,,848,453,661,"1,114",,
,,DET,Detroit Red Wings,Coffey,72,47,D,Paul,B,A+,C,F,A,D,D,A,A+,A,83,32,,"1,048",342,949,"1,291",,
,,DET,Detroit Red Wings,Ciccarelli,88,38,F,Dino,A ,C,B,C,B,D,A,C,A ,C,73,33,,955,497,439,936,,
,,DET,Detroit Red Wings,Kozlov,64,41,F,Vachslav,B,C,D,A,C,F,B,B,B,C,63,21,,104,42,44,86,,
,,DET,Detroit Red Wings,Konstantov,41,73,D,Vladimir,C,C,A,D,B,B,F,C,B,B,63,26,,184,15,47,62,,
,,DET,Detroit Red Wings,Kennedy,45,43,F,Sheldon,D,D,F,A,D,F,C,D,C,A,50,24,,191,30,23,53,,
,,DET,Detroit Red Wings,Lidstrom,58,78,D,Nicklas,B,B,F,D,B,D,F,C,B,C,61,23,,242,28,123,151,,
,,DET,Detroit Red Wings,Draper,45,78,F,Kris,D,C,D,D,B,D,D,C,C,B,57,22,,121,9,10,19,,
,,DET,Detroit Red Wings,Chiasson,69,72,D,Steve,B,C,B,D,B,C,D,C,C,C,67,26,,421,48,137,185,,
,,DET,Detroit Red Wings,Probert,40,33,F,Bob,C,C,A+,D,B,B,D,D,B,C,54,28,,474,142,184,326,,
,,DET,Detroit Red Wings,Johnson,49,47,F,Greg,D,D,D,C,C,D,D,C,C,C,49,22,,52,6,11,17,,
,,DET,Detroit Red Wings,Primeau,60,56,F,Keith,C,C,B,D,C,C,A,C,D,D,62,22,,211,33,50,83,,
,,DET,Detroit Red Wings,Sheppard,86,29,F,Ray,C,D,F,B,C,F,A,C,D,D,54,27,,618,222,203,425,,
,,DET,Detroit Red Wings,Sillinger,42,44,F,Mike,D,D,F,F-,B,D,D,C,C,C,50,22,,147,22,24,46,,
,,DET,Detroit Red Wings,Howe,40,65,D,Mark,C,C,F,F-,C,D,F,C,C,D,53,38,,929,197,545,742,,
,,DET,Detroit Red Wings,Burr,45,69,F,Shawn,D,D,B,F,C,C,D,C,D,D,51,27,,531,126,155,281,,
,,DET,Detroit Red Wings,Aivazoff,40,43,F,Micah,D,D,F,D,C,D,C,C,D,D,48,24,,48,1,3,4,,
,,DET,Detroit Red Wings,McCarty,43,61,F,Darren,D,D,A+,C,B,B,D,D,D,D,51,21,,67,9,17,26,,
,,DET,Detroit Red Wings,Bautin,33,50,D,Sergei,C,D,F,D,D,F,F,D,C,D,43,26,,128,0,14,14,,
,,DET,Detroit Red Wings,Halkidis,33,56,D,Bob,D,D,B,D,C,C,D,D,F,D,44,27,,201,7,29,36,,
,,DET,Detroit Red Wings,Carkner,31,49,D,Terry,D,D,B,F-,C,C,F,D,F,D,43,27,,549,30,114,144,,
Ranford,69,EDM,Edmonton Oilers ,Kravchuk,49,70,D,Igor,B,C,D,C,B,C,D,B,A ,C,68,27,,149,24,60,84,,
Brathwaite,42,EDM,Edmonton Oilers ,Arnott,80,65,F,Jason,B,B,C,C,C,C,B,B,C,C,72,19,,78,33,35,68,,
,,EDM,Edmonton Oilers ,Marchant,43,39,F,Todd,C,C,D,D,C,F-,C,C,B,B,54,20,,46,2,8,10,,
,,EDM,Edmonton Oilers ,Grieve,46,44,F,Brent,C,D,D,C,C,C,B,C,C,B,59,24,,134,19,23,42,,
,,EDM,Edmonton Oilers ,Olausson,65,53,D,Fredrik,B,B,F,F,C,F,D,B,B,C,61,27,,529,74,224,298,,
,,EDM,Edmonton Oilers ,Weight,74,50,F,Doug,C,B,C,D,C,C,C,B,C,C,68,22,,188,38,91,129,,
,,EDM,Edmonton Oilers ,Corson,64,79,F,Shayne,B,C,B,C,B,B,C,C,C,C,65,27,,640,171,240,411,,
,,EDM,Edmonton Oilers ,McAmmond,47,65,F,Dean,C,D,F,D,C,D,D,C,C,B,55,20,,134,7,25,32,,
,,EDM,Edmonton Oilers ,Ciger,63,49,F,Zdeno,B,C,F-,D,C,D,B,C,C,C,61,24,,116,14,33,47,,
,,EDM,Edmonton Oilers ,Mironov,45,42,D,Boris,C,D,C,C,D,C,F,C,B,C,50,21,,139,9,43,52,,
,,EDM,Edmonton Oilers ,Beers,42,55,D,Bob,C,D,C,C,C,C,D,C,C,C,54,26,,238,27,64,91,,
,,EDM,Edmonton Oilers ,Stapleton,39,43,F,Mike,D,C,F-,A,D,D,D,C,C,C,48,27,,355,50,79,129,,
,,EDM,Edmonton Oilers ,Buchberger,38,53,F,Kelly,D,F,B,D,C,B,D,C,C,C,54,27,,505,67,102,169,,
,,EDM,Edmonton Oilers ,Richardson,35,49,D,Luke,D,C,B,B,D,B,F-,C,C,C,49,24,,566,14,69,83,,
,,EDM,Edmonton Oilers ,Thornton,30,59,F,Scott,D,D,C,D,C,D,D,D,C,C,47,22,,240,18,21,39,,
,,EDM,Edmonton Oilers ,Maltby,43,53,F,Kirk,D,D,C,C,B,C,D,C,C,D,51,21,,68,19,10,29,,
,,EDM,Edmonton Oilers ,Pearson,29,41,F,Scott,D,D,C,F,C,C,D,D,C,C,47,24,,118,20,19,39,,
,,EDM,Edmonton Oilers ,Byakin,47,46,D,Ilya,D,B,F-,D,D,F-,C,C,C,D,49,30,,57,10,18,28,,
,,EDM,Edmonton Oilers ,Podein,57,39,F,Shjon,D,F,D,A,D,D,B,D,D,D,48,25,,113,11,26,37,,
,,EDM,Edmonton Oilers ,Rice,48,39,F,Steven,D,D,C,D,D,D,D,D,D,D,46,22,,28,0,0,0,,
,,EDM,Edmonton Oilers ,DeBrusk,45,38,F,Louie,D,F,A,A,F,C,C,D,F,F,41,22,,113,14,10,24,,
,,EDM,Edmonton Oilers ,Bennett,37,40,D,Adam,F,F,D,C,F,D,F-,D,D,D,39,22,,4,0,0,0,,
Vanbiesbrouck,84,FLA,Florida Panthers,Neidrmayer,46,41,F,Rob,C,D,D,B,C,C,C,C,B,A,62,19,,468,48,106,154,,
Fitzpatrick,43,FLA,Florida Panthers,Murphy,60,49,D,Gord,B,C,C,C,C,C,D,C,A ,B,63,26,,70,17,33,50,,
Daniel Berthiaume,42,FLA,Florida Panthers,Belanger,74,59,F,Jesse,C,B,F,D,C,D,B,B,C,B,68,24,,313,64,93,157,,
,,FLA,Florida Panthers,Lomakin,50,58,F,Andrei,C,B,D,D,C,F,C,B,B,C,61,29,,619,89,161,250,,
,,FLA,Florida Panthers,Skrudland,43,82,F,Brian,D,C,B,C,B,B,C,C,B,C,66,30,,117,11,22,33,,
,,FLA,Florida Panthers,Barnes,73,57,F,Stu,C,C,F,B,C,D,C,B,D,C,62,23,,168,33,31,64,,
,,FLA,Florida Panthers,Kudelski,64,62,F,Bob,B,C,D,B,C,D,B,C,D,C,62,29,,47,1,5,6,,
,,FLA,Florida Panthers,Andersson,48,41,D,Peter,D,B,D,C,C,D,D,B,C,C,56,28,,507,42,112,154,,
,,FLA,Florida Panthers,Smith,32,62,D,Geoff,F,C,F,D,C,D,F,B,B,C,52,24,,359,23,70,93,,
,,FLA,Florida Panthers,Fitzgerald,41,54,F,Tom,C,D,D,D,C,C,C,C,D,C,54,25,,164,17,40,57,,
,,FLA,Florida Panthers,Lowry,48,56,F,Dave,D,D,B,B,C,C,D,C,D,C,54,28,,346,13,55,68,,
,,FLA,Florida Panthers,Hough,42,59,F,Mike,C,C,C,D,C,C,D,C,C,D,50,30,,139,12,26,38,,
,,FLA,Florida Panthers,Benning,55,40,D,Brian,C,C,B,D,B,D,D,C,C,D,52,27,,985,354,413,767,,
,,FLA,Florida Panthers,Foligno,46,59,F,Mike,D,D,C,B,C,B,C,D,D,D,49,34,,213,24,43,67,,
,,FLA,Florida Panthers,Severyn,34,54,D,Brent,C,D,A,C,C,B,D,D,D,D,47,27,,617,131,189,320,,
,,FLA,Florida Panthers,Mellanby,48,58,F,Scott,C,D,B,C,C,B,B,C,F,F,52,27,,544,16,73,89,,
,,FLA,Florida Panthers,Cirella,33,47,D,Joe,C,D,C,C,C,C,D,D,D,D,45,30,,7,0,0,0,,
,,FLA,Florida Panthers,Daniels,36,45,D,Jeff,D,D,F,B,D,D,C,D,D,D,44,25,,529,102,303,405,,
,,FLA,Florida Panthers,Brown,43,56,D,Keith,D,C,C,B,C,C,F,D,D,D,47,33,,28,0,2,2,,
,,FLA,Florida Panthers,Hull,43,59,F,Jody,D,D,F,C,C,C,D,D,D,D,47,24,,126,11,25,36,,
,,FLA,Florida Panthers,Laus,25,44,D,Paul,D,D,A,C,C,B,F,F,C,D,43,23,,37,0,1,1,,
,,FLA,Florida Panthers,Lindsay,45,57,F,Bill,D,D,D,C,D,D,F,D,F,D,42,22,,43,1,1,2,,
Burke,62,HFD,Hartford Whalers,Sanderson,64,51,F,Geoff,B,C,F,C,B,D,B,C,B,A,73,21,,191,91,80,171,,
Reese,54,HFD,Hartford Whalers,Verbeek,71,54,F,Pat,B,B,B,B,B,C,B,B,C,B,74,29,,913,363,385,748,,
Pietrngelo,33,HFD,Hartford Whalers,Turcotte,74,57,F,Darren,B,C,F,C,B,D,D,B,B,B,67,25,,354,114,134,248,,
,,HFD,Hartford Whalers,Ranheim,61,47,F,Paul,C,C,F,B,C,F,D,C,B,A,61,27,,359,74,88,162,,
,,HFD,Hartford Whalers,Lemieux,49,54,F,Jocelyn,B,F,B,C,C,C,D,C,B,B,62,26,,418,65,65,130,,
,,HFD,Hartford Whalers,Drury,42,52,F,Ted,D,C,D,D,C,C,D,B,B,B,60,22,,34,1,5,6,,
,,HFD,Hartford Whalers,Kron,59,66,F,Robert,D,C,F-,C,C,D,C,B,C,B,65,24,,168,32,34,66,,
,,HFD,Hartford Whalers,Chibirev,62,40,F,Igor,C,C,F,D,C,F,C,C,C,B,57,19,,32,4,11,15,,
,,HFD,Hartford Whalers,Burt,44,49,D,Adam,B,C,B,C,B,B,F,C,B,C,56,22,,274,17,45,62,,
,,HFD,Hartford Whalers,Pronger,53,65,D,Chris,D,C,B,C,C,C,D,B,C,C,60,25,,81,5,25,30,,
,,HFD,Hartford Whalers,Storm,47,62,F,Jim,D,C,D,C,B,C,D,C,C,C,54,23,,3,0,0,0,,
,,HFD,Hartford Whalers,Kucera,40,65,D,Frantsek,C,D,D,B,C,D,F,C,C,C,52,24,,81,4,14,18,,
,,HFD,Hartford Whalers,Crowley,43,59,D,Ted,D,D,D,C,C,D,D,C,C,C,50,34,,21,0,1,1,,
,,HFD,Hartford Whalers,Cassels,75,74,F,Andrew,D,B,D,F,B,D,C,D,C,C,61,25,,259,43,129,172,,
,,HFD,Hartford Whalers,Propp,44,54,F,Brian,C,C,F-,A,D,C,D,D,C,C,50,20,,"1,002",421,571,992,,
,,HFD,Hartford Whalers,Janssens,39,72,F,Mark,C,D,B,F,B,B,C,C,C,D,58,23,,451,30,59,89,,
,,HFD,Hartford Whalers,Smyth,44,48,F,Kevin,D,D,B,D,B,C,C,D,C,C,50,24,,49,2,5,7,,
,,HFD,Hartford Whalers,Godynyuk,44,55,D,Alexnder,D,F,D,A,C,C,D,C,D,C,49,34,,170,6,32,38,,
,,HFD,Hartford Whalers,Marchment,41,65,D,Bryan,D,F,A,D,C,B,F,D,C,C,52,27,,310,20,51,71,,
,,HFD,Hartford Whalers,McCrimmon,30,75,D,Brad,D,C,C,F,C,B,F-,D,C,D,46,27,,"1,038",74,288,362,,
,,HFD,Hartford Whalers,Sandlak,46,58,F,Jim,C,D,B,C,C,D,D,D,F,D,46,32,,478,102,108,210,,
Hrudey,65,LAK,Los Angeles Kings,Robitaille,87,53,F,Luc,A ,B,C,B,A,D,A+,B,B,B,82,29,,622,400,380,780,,
Stauber,61,LAK,Los Angeles Kings,Gretzky,99,73,F,Wayne,C,A+,F-,F,A+,F,B,A,A+,B,91,21,,"1,125",803,"1,655","2,458",,
Tom Draper,44,LAK,Los Angeles Kings,Granato,67,70,F,Tony,C,C,A,C,C,C,B,B,B,A,78,24,,480,181,196,377,,
,,LAK,Los Angeles Kings,Zhitnik,56,54,D,Alex,C,B,C,F,B,C,D,B,A ,B,70,33,,152,21,79,100,,
,,LAK,Los Angeles Kings,Blake,73,74,D,Rob,B,B,B,C,B,B,D,B,B,B,75,30,,256,46,107,153,,
,,LAK,Los Angeles Kings,Kurri,80,78,F,Jari,A,C,D,D,B,D,B,B,B,C,73,21,,"1,003",550,733,"1,283",,
,,LAK,Los Angeles Kings,Donnelly,60,55,F,Mike,D,C,D,C,B,C,C,C,B,B,64,25,,420,105,96,201,,
,,LAK,Los Angeles Kings,Sydor,58,46,D,Darryl,C,C,D,C,C,C,F,B,B,C,61,23,,159,11,48,59,,
,,LAK,Los Angeles Kings,Ward,62,53,F,Dixon,C,D,C,F,C,C,B,C,C,C,60,28,,113,28,26,54,,
,,LAK,Los Angeles Kings,Lang,58,38,F,Robert,D,B,F-,D,C,F,B,C,C,C,56,34,,43,0,1,1,,
,,LAK,Los Angeles Kings,McReynolds,36,57,F,Brian,D,C,D,D,C,C,C,D,C,C,49,25,,13,0,0,0,,
,,LAK,Los Angeles Kings,Huddy,44,76,D,Charlie,C,C,D,F,C,C,D,C,C,D,52,30,,894,47,344,391,,
,,LAK,Los Angeles Kings,Todd,47,57,F,Kevin,C,C,D,C,C,D,D,D,D,C,52,34,,232,49,94,143,,
,,LAK,Los Angeles Kings,McSorley,43,66,D,Marty,C,C,A+,B,A,B,D,C,D,D,55,26,,659,84,247,331,,
,,LAK,Los Angeles Kings,Conacher,39,58,F,Pat,D,C,D,B,D,D,C,C,D,D,47,27,,455,50,54,104,,
,,LAK,Los Angeles Kings,Rychel,40,30,F,Warren,F,F,A,B,F,C,D,D,C,D,45,26,,197,25,37,62,,
,,LAK,Los Angeles Kings,Druce,62,65,F,John,D,D,D,C,C,C,C,D,D,D,55,27,,285,84,82,166,,
,,LAK,Los Angeles Kings,Paek,30,42,D,Jim,D,D,D,F,C,D,F,D,D,C,44,26,,170,5,29,34,,
,,LAK,Los Angeles Kings,Houda,32,38,D,Doug,D,F,B,B,D,C,F,D,D,D,43,34,,413,17,40,57,,
,,LAK,Los Angeles Kings,Shuchuk,45,30,D,Gary,F,D,D,C,F,D,D,D,D,D,42,26,,32,3,11,14,,
,,LAK,Los Angeles Kings,Watters,34,40,D,Tim,F,D,D,F,D,D,F-,F,D,D,39,29,,594,26,77,103,,
Roy,86,MTL,Montreal Canadiens,Damphousse,86,44,F,Vincent,B,B,D,D,B,F,A,A,B,B,78,27,,640,246,371,617,,
Tugnutt,51,MTL,Montreal Canadiens,Bellows,79,42,F,Brian,B,B,D,C,B,D,B,B,B,B,71,24,,916,421,440,861,,
Andre Racicot,46,MTL,Montreal Canadiens,Muller,74,70,F,Kirk,B,B,B,F,B,B,C,B,B,B,79,24,,815,296,441,737,,
,,MTL,Montreal Canadiens,Schneider,80,67,D,Matt,B,B,C,C,B,D,D,C,B,B,70,24,,297,50,114,164,,
,,MTL,Montreal Canadiens,Leclair,57,52,F,John,A ,D,D,F,C,C,D,C,C,B,62,26,,236,44,51,95,,
,,MTL,Montreal Canadiens,Desjardins,65,81,D,Eric,B,C,C,C,B,B,D,C,B,C,68,28,,405,56,134,190,,
,,MTL,Montreal Canadiens,Keane,49,68,F,Mike,D,C,C,F-,B,B,D,C,C,B,65,33,,432,78,119,197,,
,,MTL,Montreal Canadiens,Daigneault,41,54,D,J.J.,C,D,F,D,B,F,D,C,B,C,53,23,,486,36,141,177,,
,,MTL,Montreal Canadiens,Carbonneau,46,95,F,Guy,D,B,F,D,B,B,F,C,B,C,62,23,,938,221,321,542,,
,,MTL,Montreal Canadiens,Dionne,75,47,F,Gilbert,D,C,D,D,C,C,B,B,C,D,60,22,,162,52,57,109,,
,,MTL,Montreal Canadiens,DiPietro,52,42,F,Paul,C,D,F,D,C,D,D,C,C,C,51,23,,122,23,32,55,,
,,MTL,Montreal Canadiens,Brisebois,58,56,D,Patrice,C,D,D,C,C,D,C,C,C,D,53,25,,153,14,47,61,,
,,MTL,Montreal Canadiens,Haller,45,48,D,Kevin,D,D,C,A,B,D,D,C,C,D,48,22,,168,14,33,47,,
,,MTL,Montreal Canadiens,Odelein,42,64,D,Lyle,C,D,A,B,C,B,D,D,C,D,52,22,,317,17,54,71,,
,,MTL,Montreal Canadiens,Petrov,62,57,F,Oleg,D,C,F-,C,C,F,D,C,C,D,50,37,,55,2,10,12,,
,,MTL,Montreal Canadiens,Sevigny,40,33,D,Pierre,D,D,C,D,F,F,D,C,D,D,43,25,,43,4,5,9,,
,,MTL,Montreal Canadiens,Wilson,46,71,F,Ron,F,D,D,D,B,D,D,D,C,D,48,25,,831,26,67,93,,
,,MTL,Montreal Canadiens,Popovic,31,44,D,Peter,C,F,F,D,D,C,F,C,D,D,44,25,,47,2,12,14,,
,,MTL,Montreal Canadiens,Brunet,58,40,F,Benoit,D,D,D,D,D,D,C,F,D,D,45,29,,154,20,33,53,,
,,MTL,Montreal Canadiens,Ronan,40,30,F,Ed,D,D,F,B,F,C,D,F,D,D,43,24,,147,22,21,43,,
,,MTL,Montreal Canadiens,Roberge,37,36,D,Mario,D,F,B,C,F,C,D,D,F,F,38,27,,74,4,3,7,,
,,MTL,Montreal Canadiens,Fogarty,41,38,D,Bryan,F,F,F,F-,F,D,F-,C,F,F,38,25,,135,21,48,69,,
Terreri,68,NJD,New Jersey Devils,Richer,77,49,F,Stephane,A ,C,D,B,B,D,B,A,B,B,77,25,,646,326,275,601,,
Brodeur,79,NJD,New Jersey Devils,Millen,63,41,F,Corey,D,C,C,D,C,F,B,B,C,A,67,29,,200,74,77,151,,
Mario Gosselin,46,NJD,New Jersey Devils,Zelepukin,67,68,F,Valeri,C,C,D,D,C,F,B,B,B,B,68,23,,191,63,78,141,,
,,NJD,New Jersey Devils,Stevens,48,99,D,Scott,B,B,A,F,A,A,C,C,B,B,81,28,,928,148,485,633,,
,,NJD,New Jersey Devils,Guerin,62,58,F,Bill,A ,D,B,A,C,B,B,C,B,C,67,27,,151,40,38,78,,
,,NJD,New Jersey Devils,Lemieux,61,63,F,Claude,B,C,B,C,B,B,D,C,B,B,66,20,,704,270,243,513,,
,,NJD,New Jersey Devils,Chorske,56,57,F,Tom,D,D,D,C,C,C,C,C,B,B,61,31,,269,64,68,132,,
,,NJD,New Jersey Devils,Niedrmayer,71,59,D,Scott,B,A,D,F,C,C,D,B,C,C,61,25,,165,21,66,87,,
,,NJD,New Jersey Devils,Driver,52,77,D,Bruce,D,C,D,D,B,C,D,C,B,C,62,32,,637,76,300,376,,
,,NJD,New Jersey Devils,Dowd,48,40,F,Jim,D,C,D,F,C,F,D,C,C,B,52,29,,16,0,5,5,,
,,NJD,New Jersey Devils,Nicholls,77,76,F,Bernie,A,B,C,F,B,D,C,B,C,D,64,27,,896,418,601,"1,019",,
,,NJD,New Jersey Devils,MacLean,82,63,F,John,B,D,B,A,B,C,C,C,C,D,66,26,,749,297,301,598,,
,,NJD,New Jersey Devils,Semak,49,52,F,Alexnder,C,C,D,D,C,D,C,B,C,D,58,22,,162,67,71,138,,
,,NJD,New Jersey Devils,McKay,41,52,F,Randy,C,D,A,B,C,B,C,C,C,D,54,20,,308,43,59,102,,
,,NJD,New Jersey Devils,Holik,46,62,F,Bobby,B,D,C,C,C,C,D,C,D,C,52,22,,288,74,84,158,,
,,NJD,New Jersey Devils,Smith,33,59,F,Jason,D,C,D,D,C,C,F,C,C,C,49,35,,18,0,5,5,,
,,NJD,New Jersey Devils,Modry,31,55,D,Jaroslav,D,D,F,D,C,D,F,C,C,C,49,29,,41,2,5,7,,
,,NJD,New Jersey Devils,Fetisov,34,68,D,Vachslav,D,C,C,F,C,D,F,D,B,D,46,30,,332,19,106,125,,
,,NJD,New Jersey Devils,Albelin,43,53,D,Tommy,D,C,D,D,C,D,F-,C,C,D,47,29,,435,31,127,158,,
,,NJD,New Jersey Devils,Carpenter,40,78,F,Bob,D,C,C,C,C,D,F,D,C,D,49,28,,909,294,367,661,,
,,NJD,New Jersey Devils,Daneyko,41,98,D,Ken,F,F,B,B,B,A,F-,D,C,D,47,24,,735,27,93,120,,
,,NJD,New Jersey Devils,Peluso,30,42,F,Mike,D,F,A,B,B,B,F,F,F,D,44,27,,254,31,39,70,,
Hextall,63,NYI,New York Islanders,Turgeon,93,61,F,Pierre,C,B,F-,F,B,F-,A,B,B,B,75,30,,521,244,351,595,,
McLennan,43,NYI,New York Islanders,Hogue,78,53,F,Benoit,B,B,C,F,B,F,B,C,B,A,71,29,,440,147,165,312,,
Brian Hayward,38,NYI,New York Islanders,Thomas,71,55,F,Steve,B,C,B,D,B,B,B,C,B,B,73,27,,643,236,263,499,,
,,NYI,New York Islanders,Ferraro,55,63,F,Ray,B,C,C,B,B,D,C,B,C,C,62,25,,727,265,326,591,,
,,NYI,New York Islanders,Volek,59,47,F,Dave,D,C,D,A,B,F,D,C,B,B,57,21,,396,95,154,249,,
,,NYI,New York Islanders,Malakhov,72,52,D,Vladimir,B,C,C,C,B,D,D,C,B,C,63,26,,140,24,64,88,,
,,NYI,New York Islanders,Kasparitis,44,64,D,Darius,C,C,B,D,D,B,F,C,B,C,55,23,,150,11,25,36,,
,,NYI,New York Islanders,King,66,29,F,Derek,B,D,F,B,B,F-,A,C,C,D,56,31,,435,141,156,297,,
,,NYI,New York Islanders,McInnis,54,67,F,Marty,D,D,D,F-,C,D,B,C,C,C,60,23,,167,35,50,85,,
,,NYI,New York Islanders,Kurvers,69,44,D,Tom,B,C,D,F,B,D,F,C,C,C,59,25,,630,93,328,421,,
,,NYI,New York Islanders,Green,48,41,F,Travis,B,D,D,B,C,C,D,C,C,D,53,28,,144,25,30,55,,
,,NYI,New York Islanders,Pilon,27,41,D,Richard,C,F,A,A,D,C,F,C,B,D,45,32,,237,4,27,31,,
,,NYI,New York Islanders,Krupp,58,58,D,Uwe,B,C,D,F,B,D,D,C,C,D,56,35,,407,40,117,157,,
,,NYI,New York Islanders,Loiselle,44,37,F,Claude,F,D,B,A,F,C,C,C,C,D,47,22,,616,92,117,209,,
,,NYI,New York Islanders,Acton,40,69,F,Keith,C,C,C,D,B,C,D,C,D,D,53,30,,"1,023",226,358,584,,
,,NYI,New York Islanders,Kaminsky,46,32,F,Yan,D,D,F,B,D,F,D,C,C,D,45,21,,24,2,1,3,,
,,NYI,New York Islanders,Flatley,57,74,F,Patrick,D,B,B,F,B,B,D,D,C,D,57,26,,660,150,297,447,,
,,NYI,New York Islanders,Lachance,39,70,D,Scott,C,C,C,F,B,C,D,C,D,D,52,27,,149,9,32,41,,
,,NYI,New York Islanders,Dalgarno,40,61,F,Brad,F,D,C,F,D,C,B,C,D,D,50,30,,307,49,71,120,,
,,NYI,New York Islanders,Vukota,26,30,F,Mick,F,F,A,B,D,C,F,D,D,D,41,26,,400,13,24,37,,
,,NYI,New York Islanders,Maley,31,30,F,David,D,F,B,B,F,C,F-,D,F,F,38,26,,449,43,57,100,,
,,NYI,New York Islanders,Vaske,40,33,D,Dennis,D,F,C,F,F,D,F,D,F,F,39,30,,118,3,18,21,,
Richter,79,NYR,New York Rangers,Kovalev,77,30,F,Alexei,A ,C,C,B,C,D,B,A,A+,A,80,28,,141,43,51,94,,
Healy,55,NYR,New York Rangers,Tikkanen,54,63,F,Esa,A ,B,B,B,B,B,D,B,A ,B,75,25,,664,203,342,545,,
,,NYR,New York Rangers,Leetch,87,79,D,Brian,B,A,D,D,A,D,D,A,A+,C,81,32,,419,99,303,402,,
,,NYR,New York Rangers,Messier,74,62,F,Mark,C,A,C,D,B,B,C,B,A ,B,79,32,,"1,113",501,822,"1,323",,
,,NYR,New York Rangers,Larmer,68,99,F,Steve,B,B,D,C,A+,B,B,C,B,B,86,23,,955,427,558,985,,
,,NYR,New York Rangers,Zubov,82,65,D,Sergei,B,B,D,D,C,C,D,B,B,B,74,25,,127,20,100,120,,
,,NYR,New York Rangers,Graves,70,57,F,Adam,C,C,A,A,B,A,C,C,B,B,72,33,,505,161,136,297,,
,,NYR,New York Rangers,Anderson,64,67,F,Glenn,C,B,C,F,B,D,C,C,B,B,67,29,,"1,011",481,555,"1,036",,
,,NYR,New York Rangers,Nemchinov,52,92,F,Sergei,C,C,D,D,A+,B,B,C,B,C,73,28,,220,65,73,138,,
,,NYR,New York Rangers,Noonan,62,73,F,Brian,B,C,C,A,B,C,B,C,C,C,68,27,,352,74,102,176,,
,,NYR,New York Rangers,Olczyk,48,49,F,Ed,B,B,D,B,C,D,C,C,C,C,57,35,,731,273,335,608,,
,,NYR,New York Rangers,MacTavish,60,95,F,Craig,D,D,C,D,A,B,D,C,B,C,67,24,,885,175,218,393,,
,,NYR,New York Rangers,Matteau,51,55,F,Stephane,D,C,C,D,C,C,C,C,C,C,59,26,,366,71,77,148,,
,,NYR,New York Rangers,Hudson,39,48,F,Mike,C,D,C,D,B,B,D,C,C,C,57,23,,341,46,84,130,,
,,NYR,New York Rangers,Karpotsev,43,67,D,Alex,D,C,D,D,C,C,D,C,C,C,56,33,,67,3,15,18,,
,,NYR,New York Rangers,Lidster,44,56,D,Doug,C,B,D,F,B,C,F,C,C,C,55,34,,611,65,242,307,,
,,NYR,New York Rangers,Lowe,47,74,D,Kevin,D,C,C,F,C,C,F,C,C,C,54,31,,"1,018",76,314,390,,
,,NYR,New York Rangers,Gilbert,43,68,F,Greg,D,F,D,F,C,C,C,C,D,D,52,27,,754,131,136,267,,
,,NYR,New York Rangers,Kypreos,44,42,F,Nick,D,F,A,B,C,C,B,D,D,D,48,28,,326,44,31,75,,
,,NYR,New York Rangers,Beukeboom,47,76,D,Jeff,D,D,B,F-,C,B,F,C,D,D,50,29,,561,20,115,135,,
,,NYR,New York Rangers,Kocur,32,49,F,Joey,D,D,B,B,D,C,F,D,D,D,44,34,,634,71,73,144,,
,,NYR,New York Rangers,Wells,35,49,D,Jay,D,D,B,F,D,B,F-,D,D,D,44,18,,913,44,201,245,,
Billington,42,OTW,Ottawa Senators,Daigle,67,37,F,Alexnder,B,B,D,D,C,F,B,A,B,B,70,26,,84,20,31,51,,
LaForest,38,OTW,Ottawa Senators,Davydov,61,45,F,Evgeny,B,C,F,A,C,F,C,C,A ,B,61,20,,119,33,26,59,,
Pat Jablonski,42,OTW,Ottawa Senators,Yashin,71,33,F,Alexei,B,B,D,D,C,D,C,B,B,B,65,28,,83,30,49,79,,
,,OTW,Ottawa Senators,Turgeon,80,39,F,Sylvain,B,D,C,A,C,F-,C,D,B,B,55,29,,541,245,203,448,,
,,OTW,Ottawa Senators,Maciver,78,40,D,Norm,C,C,C,F,B,D,D,B,C,C,60,31,,313,36,132,168,,
,,OTW,Ottawa Senators,Bourque,54,67,F,Phil,D,D,D,C,A,C,D,C,C,B,55,31,,421,79,100,179,,
,,OTW,Ottawa Senators,Murray,41,74,F,Troy,D,C,C,A,C,B,F,C,B,C,58,25,,738,211,314,525,,
,,OTW,Ottawa Senators,Huffman,42,52,D,Kerry,C,D,D,C,C,C,F,C,C,C,50,24,,300,29,86,115,,
,,OTW,Ottawa Senators,Archibald,53,47,F,David,C,D,D,A,C,F,C,C,C,D,52,26,,271,45,50,95,,
,,OTW,Ottawa Senators,McLlwain,62,48,F,Dave,D,C,D,A,C,C,C,C,C,D,55,29,,313,61,76,137,,
,,OTW,Ottawa Senators,Shaw,51,49,D,Brad,C,C,D,D,A,D,F,C,C,D,49,28,,147,14,53,67,,
,,OTW,Ottawa Senators,McBain,47,44,F,Andrew,C,D,D,F,D,D,D,C,D,D,48,27,,567,126,163,289,,
,,OTW,Ottawa Senators,Lauer,43,31,F,Brad,D,C,D,B,D,D,D,C,D,D,45,22,,285,43,55,98,,
,,OTW,Ottawa Senators,Filmanov,30,48,D,Dimitri,D,D,F,D,D,D,F,C,C,D,45,23,,30,1,4,5,,
,,OTW,Ottawa Senators,Mallette,46,47,F,Troy,D,F,B,B,D,D,C,D,D,D,45,32,,341,40,56,96,,
,,OTW,Ottawa Senators,Konroyd,43,49,D,Steve,D,D,D,D,C,B,F,D,C,D,49,24,,890,41,195,236,,
,,OTW,Ottawa Senators,Loewen,35,42,F,Darcy,D,D,B,B,D,D,F,D,D,D,41,23,,113,5,12,17,,
,,OTW,Ottawa Senators,Levins,38,37,F,Scott,D,D,D,D,C,D,D,D,D,D,44,24,,90,10,12,22,,
,,OTW,Ottawa Senators,Vial,37,59,D,Dennis,D,F,B,B,C,B,F,D,D,F,44,24,,93,6,8,14,,
,,OTW,Ottawa Senators,Rumble,47,43,D,Darren,D,D,C,B,C,C,F-,D,F,D,41,27,,72,9,17,26,,
,,OTW,Ottawa Senators,Burakowsky,45,28,F,Rob,D,F,F-,D,D,F-,D,D,F,F,38,31,,23,2,3,5,,
,,OTW,Ottawa Senators,Dineen,46,41,D,Gord,F,F,C,A,D,D,F-,D,F,F,39,25,,512,16,87,103,,
Roussel,61,PHI,Philadelphia Flyers,Recchi,84,52,F,Mark,B,B,C,C,B,C,A,B,A ,B,83,20,,415,189,320,509,,
Soderstrom,70,PHI,Philadelphia Flyers,Lindros,73,78,F,Eric,A ,B,B,C,A,A,A+,B,B,C,84,21,,126,85,85,170,,
,,PHI,Philadelphia Flyers,Renberg,90,49,F,Mikael,B,B,D,D,C,C,A,B,B,C,77,23,,83,38,44,82,,
,,PHI,Philadelphia Flyers,BrindAmour,72,79,F,Rod,B,B,C,D,B,C,B,B,B,C,76,30,,403,131,184,315,,
,,PHI,Philadelphia Flyers,Dineen,56,64,F,Kevin,C,C,B,A,B,D,C,C,B,B,66,24,,757,288,286,574,,
,,PHI,Philadelphia Flyers,Racine,51,48,D,Yves,B,C,D,D,B,C,D,C,B,B,63,24,,260,26,93,119,,
,,PHI,Philadelphia Flyers,Beranek,68,48,F,Josef,C,C,C,B,C,F,B,B,C,C,61,22,,136,36,44,80,,
,,PHI,Philadelphia Flyers,Yushkevich,54,74,D,Dimitri,C,C,C,C,A,C,F,C,B,B,65,29,,157,14,43,57,,
,,PHI,Philadelphia Flyers,Lamb,47,75,F,Mark,D,C,C,C,C,C,F,C,B,C,56,30,,341,43,96,139,,
,,PHI,Philadelphia Flyers,Galley,48,70,D,Garry,D,C,C,D,C,C,F,B,C,C,59,26,,686,78,274,352,,
,,PHI,Philadelphia Flyers,Fedyk,57,62,F,Brent,C,D,D,F,C,D,C,C,C,C,58,20,,308,74,68,142,,
,,PHI,Philadelphia Flyers,Bowen,31,49,D,Jason,C,D,D,C,C,B,D,C,C,C,53,25,,6,0,0,0,,
,,PHI,Philadelphia Flyers,DiMaio,44,49,F,Rob,D,D,C,D,B,C,D,C,D,C,53,24,,206,25,29,54,,
,,PHI,Philadelphia Flyers,Faust,42,46,F,Andre,D,D,D,C,C,D,B,C,D,D,49,32,,47,10,7,17,,
,,PHI,Philadelphia Flyers,Tippett,29,52,F,Dave,D,D,D,F,C,D,D,D,D,C,46,27,,721,93,169,262,,
,,PHI,Philadelphia Flyers,Conroy,46,48,F,Allan,D,D,D,D,C,D,D,C,D,D,48,25,,78,8,16,24,,
,,PHI,Philadelphia Flyers,Zettler,39,40,D,Rob,D,C,B,B,C,D,F,D,C,D,45,34,,269,2,32,34,,
,,PHI,Philadelphia Flyers,Ramage,43,58,D,Rob,C,D,B,B,C,B,F,D,D,D,46,24,,"1,032",139,425,564,,
,,PHI,Philadelphia Flyers,McGill,44,49,D,Ryan,D,F,B,B,C,C,F,D,D,D,45,26,,136,4,15,19,,
,,PHI,Philadelphia Flyers,Finley,36,39,D,Jeff,D,D,D,B,D,D,F-,C,D,D,42,23,,112,2,13,15,,
,,PHI,Philadelphia Flyers,Malgunas,30,39,D,Stewart,F,D,D,B,C,C,F-,C,D,D,43,31,,67,0,2,2,,
,,PHI,Philadelphia Flyers,Brown,27,50,F,Dave,F,F,B,A,D,D,F-,D,F,F,36,28,,651,44,50,94,,
Barrasso,72,PIT,Pittsburgh Penguins,Lemieux,99,54,F,Mario,B,A+,D,F,A+,D,A+,A,A ,B,95,21,,599,494,721,"1,215",,
Wreggett,52,PIT,Pittsburgh Penguins,Jagr,95,46,F,Jaromir,A,A,D,F,A+,B,C,A,A ,B,87,29,,311,125,194,319,,
,,PIT,Pittsburgh Penguins,Sandstrom,83,56,F,Tomas,B,C,B,B,B,D,C,C,B,B,71,28,,619,274,303,577,,
,,PIT,Pittsburgh Penguins,Stevens,73,42,F,Kevin,A ,B,B,B,A,C,A,C,C,C,73,30,,443,181,247,428,,
,,PIT,Pittsburgh Penguins,Francis,80,85,F,Ron,C,A+,D,F,A,B,C,B,B,C,81,21,,991,330,770,"1,100",,
,,PIT,Pittsburgh Penguins,Straka,69,57,F,Martin,B,B,F,D,C,F,C,B,C,B,66,32,,126,33,34,67,,
,,PIT,Pittsburgh Penguins,Murphy,82,82,D,Larry,B,A,D,F,A,C,D,B,B,C,77,36,,"1,056",227,593,820,,
,,PIT,Pittsburgh Penguins,Mullen,72,62,F,Joe,C,C,F,B,B,C,A,C,B,C,68,24,,944,461,418,879,,
,,PIT,Pittsburgh Penguins,McEachern,60,48,F,Shawn,B,C,D,B,B,F,C,C,C,B,61,29,,166,49,52,101,,
,,PIT,Pittsburgh Penguins,Samuelsson,52,77,D,Ulf,C,C,A+,F,B,A,F-,C,B,B,64,29,,729,41,202,243,,
,,PIT,Pittsburgh Penguins,Tocchet,73,50,F,Rick,B,C,B,C,C,B,B,C,D,C,65,20,,754,332,344,676,,
,,PIT,Pittsburgh Penguins,Naslund,67,54,F,Markus,C,D,F,D,D,D,D,C,B,C,51,29,,71,4,7,11,,
,,PIT,Pittsburgh Penguins,Brown,38,78,D,Doug,D,C,C,C,B,C,C,C,C,C,56,23,,412,80,85,165,,
,,PIT,Pittsburgh Penguins,Tamer,41,42,D,Chris,D,D,F,C,D,C,D,C,B,C,52,25,,12,0,0,0,,
,,PIT,Pittsburgh Penguins,Hawgood,66,44,D,Greg,C,C,D,F,C,D,D,C,C,C,54,25,,236,38,93,131,,
,,PIT,Pittsburgh Penguins,Brown,48,40,F,Greg,D,D,D,D,C,D,D,C,C,C,52,37,,49,1,6,7,,
,,PIT,Pittsburgh Penguins,Trottier,48,54,F,Bryan,D,D,D,F,D,D,D,C,C,D,46,35,,"1,279",524,901,"1,425",,
,,PIT,Pittsburgh Penguins,Samuelsson,29,52,D,Kjell,B,D,C,A,B,B,F,D,D,D,47,28,,636,37,114,151,,
,,PIT,Pittsburgh Penguins,Jennings,38,50,D,Grant,D,F,B,B,D,C,F-,C,D,D,44,33,,295,10,34,44,,
,,PIT,Pittsburgh Penguins,Ramsey,25,52,D,Mike,D,D,C,F,C,B,F,D,C,F,43,30,,964,78,256,334,,
,,PIT,Pittsburgh Penguins,Taglianeti,33,58,D,Peter,C,D,B,B,B,B,F-,D,F,D,43,24,,457,17,63,80,,
,,PIT,Pittsburgh Penguins,McKenzie,43,33,F,Jim,D,F,A,C,C,C,F,D,F,F,39,22,,207,21,16,37,,
Fiset,62,QUE,Quebec Nordiques,Sundin,82,66,F,Mats,B,A,C,F,B,F,A,B,B,B,78,27,,324,135,199,334,,
Thibault,64,QUE,Quebec Nordiques,Kamensky,78,47,F,Valeri,A ,B,D,F,B,D,B,B,B,B,74,24,,131,50,73,123,,
,,QUE,Quebec Nordiques,Sakic,88,78,F,Joe,C,A+,D,D,A,D,A,A,B,C,84,26,,461,215,349,564,,
,,QUE,Quebec Nordiques,Young,50,72,F,Scott,A ,C,F,B,C,F,C,C,C,A,65,23,,432,120,157,277,,
,,QUE,Quebec Nordiques,Kovalenko,63,62,F,Andrei,B,C,D,D,B,C,B,B,C,B,71,21,,139,43,53,96,,
,,QUE,Quebec Nordiques,Nolan,80,42,F,Owen,A ,C,B,C,B,D,A,F,C,B,62,22,,213,83,84,167,,
,,QUE,Quebec Nordiques,Ricci,64,49,F,Mike,C,B,A,D,C,C,A,C,B,C,68,28,,304,84,127,211,,
,,QUE,Quebec Nordiques,Sjodin,55,38,D,Tommy,B,C,F,C,C,D,D,B,B,C,60,24,,99,8,30,38,,
,,QUE,Quebec Nordiques,Leschyshyn,52,73,D,Curtis,D,C,D,F,A,C,B,C,C,B,69,25,,388,22,77,99,,
,,QUE,Quebec Nordiques,Lapointe,53,80,F,Claude,D,D,B,F,C,C,D,C,C,B,62,30,,201,31,42,73,,
,,QUE,Quebec Nordiques,Sutter,49,79,F,Ron,D,B,B,D,B,B,C,C,C,C,63,29,,842,172,290,462,,
,,QUE,Quebec Nordiques,Gusarov,47,49,D,Alexei,C,C,D,F,B,C,C,C,C,C,61,24,,199,13,48,61,,
,,QUE,Quebec Nordiques,Fraser,48,50,F,Iain,C,D,D,D,C,D,C,C,C,C,58,26,,94,17,22,39,,
,,QUE,Quebec Nordiques,Lindberg,40,49,F,Chris,D,D,F,C,D,D,C,D,C,B,51,28,,116,17,24,41,,
,,QUE,Quebec Nordiques,Bassen,46,39,F,Bob,D,D,C,C,C,C,C,D,B,C,55,24,,532,84,116,200,,
,,QUE,Quebec Nordiques,Werenka,53,41,D,Brad,D,D,D,A,D,F,C,C,C,C,51,22,,51,1,9,10,,
,,QUE,Quebec Nordiques,Rucinsky,49,45,F,Martin,C,C,D,F,C,F,C,C,C,D,51,30,,161,33,55,88,,
,,QUE,Quebec Nordiques,Butcher,38,68,D,Garth,D,C,A,C,B,A,F,C,D,C,54,27,,843,47,153,200,,
,,QUE,Quebec Nordiques,Finn,38,58,D,Steven,C,D,B,B,C,C,D,C,D,D,49,22,,569,31,65,96,,
,,QUE,Quebec Nordiques,Karpa,45,53,D,Dave,D,D,B,C,C,C,D,D,D,D,47,21,,112,8,10,18,,
,,QUE,Quebec Nordiques,Simon,33,43,F,Chris,F,D,A,A,F-,C,F,D,D,F,39,25,,53,5,5,10,,
,,QUE,Quebec Nordiques,Twist,35,28,F,Tony,F,F,B,B,F,C,F-,F,F,F,34,35,,165,0,4,4,,
Irbe,74,SJS,San Jose Sharks,Makarov,79,62,F,Sergei,C,A,D,D,C,F,A,B,A ,B,75,33,,377,124,214,338,,
Waite,42,SJS,San Jose Sharks,Larionov,80,52,F,Igor,C,B,F,B,C,F,A,B,A ,C,71,21,,270,69,133,202,,
Peter Sidorkiewicz,40,SJS,San Jose Sharks,Ozolinsh,68,60,D,Sandis,B,B,D,D,B,D,B,B,C,B,70,26,,118,33,54,87,,
,,SJS,San Jose Sharks,Dahlen,72,59,F,Ulf,B,B,F-,C,A,C,B,B,B,C,76,29,,518,195,179,374,,
,,SJS,San Jose Sharks,Errey,39,69,F,Bob,D,D,C,A,B,B,D,C,A ,B,64,21,,651,134,154,288,,
,,SJS,San Jose Sharks,Falloon,80,39,F,Pat,B,C,F-,A,B,F,C,C,B,B,61,28,,202,61,79,140,,
,,SJS,San Jose Sharks,Norton,70,51,D,Jeff,D,C,D,F,B,F,D,C,A ,B,65,27,,382,42,182,224,,
,,SJS,San Jose Sharks,Elik,55,52,F,Todd,C,D,C,D,C,D,C,C,C,B,60,31,,300,73,133,206,,
,,SJS,San Jose Sharks,Duchesne,46,80,F,Gaetan,D,D,F,A,B,C,C,C,C,B,59,27,,942,175,248,423,,
,,SJS,San Jose Sharks,Baker,54,72,F,Jamie,C,C,D,D,B,C,C,C,C,C,63,25,,219,48,47,95,,
,,SJS,San Jose Sharks,Garpenlov,47,57,F,Johan,D,C,F,D,C,F,B,C,C,C,56,23,,247,73,88,161,,
,,SJS,San Jose Sharks,Gaudreau,59,49,F,Rob,D,C,F,B,B,C,C,C,C,C,59,20,,155,47,41,88,,
,,SJS,San Jose Sharks,Kroupa,52,41,D,Vlastmil,D,D,F,D,C,F,D,C,C,C,50,22,,27,1,7,8,,
,,SJS,San Jose Sharks,Craigwell,41,56,F,Dale,D,D,F,D,C,C,D,D,C,C,53,23,,98,5,24,29,,
,,SJS,San Jose Sharks,Butsayev,49,44,F,Vachslav,C,D,C,F,D,D,D,C,C,D,48,21,,71,12,14,26,,
,,SJS,San Jose Sharks,Whitney,58,42,F,Ray,C,C,F,D,C,F,B,C,D,D,49,24,,120,24,41,65,,
,,SJS,San Jose Sharks,More,31,47,D,Jay,C,C,B,A,C,B,D,D,C,D,48,19,,196,9,19,28,,
,,SJS,San Jose Sharks,Rathje,34,52,D,Mike,D,D,C,C,C,C,F,C,C,D,48,23,,47,4,6,10,,
,,SJS,San Jose Sharks,Pederson,50,48,D,Tom,D,C,D,C,D,D,D,C,F,D,47,24,,121,13,31,44,,
,,SJS,San Jose Sharks,Odgers,39,45,F,Jeff,D,F,A,B,C,D,C,D,F,D,45,30,,164,28,18,46,,
,,SJS,San Jose Sharks,Cronin,29,30,D,Shawn,F,F,B,A,F,D,D,F,F,F,34,29,,254,1,13,14,,
Joseph,93,STL,St. Louis Blues,Housley,81,47,D,Phil,C,A+,D,F-,B,D,D,A,A+,A,84,24,,915,258,600,858,,
Hrivnak,42,STL,St. Louis Blues,Hull,94,54,F,Brett,A+,C,D,B,B,C,B,B,B,B,81,26,,554,401,253,654,,
,,STL,St. Louis Blues,Shanahan,92,78,F,Brendan,A ,B,B,D,B,C,A,B,C,C,78,28,,504,227,203,430,,
,,STL,St. Louis Blues,Janney,93,77,F,Craig,D,A+,F-,F-,B,D,B,A,B,C,80,22,,489,126,375,501,,
,,STL,St. Louis Blues,Duchesne,77,80,D,Steve,B,B,D,D,B,F,D,B,B,B,70,37,,593,137,303,440,,
,,STL,St. Louis Blues,Nedved,68,59,F,Petr,B,B,D,C,B,F,A,A,C,C,72,28,,236,74,70,144,,
,,STL,St. Louis Blues,Stastny,76,55,F,Peter,C,B,F,D,C,C,B,B,B,C,71,34,,935,443,770,"1,213",,
,,STL,St. Louis Blues,Miller,61,71,F,Kevin,C,C,C,C,B,C,C,C,B,C,68,27,,384,105,151,256,,
,,STL,St. Louis Blues,Kasatonov,52,68,D,Alexei,C,B,D,F,C,C,F,C,B,C,56,26,,247,26,90,116,,
,,STL,St. Louis Blues,Prokhorov,55,34,F,Vitali,D,C,F,B,D,F,C,C,C,C,51,30,,54,4,3,7,,
,,STL,St. Louis Blues,Baron,38,45,D,Murray,D,F,C,A,D,D,F,C,C,C,45,24,,254,3,27,30,,
,,STL,St. Louis Blues,Zombo,35,57,D,Rick,C,D,D,F-,B,C,F-,C,C,C,49,27,,497,20,110,130,,
,,STL,St. Louis Blues,Montgomery,51,38,F,Jim,D,C,D,D,C,D,D,C,C,D,49,25,,67,6,14,20,,
,,STL,St. Louis Blues,Bozon,45,61,F,Philippe,D,D,C,A,D,F,F,C,D,D,45,33,,111,15,12,27,,
,,STL,St. Louis Blues,Karamnov,45,43,F,Vitali,D,D,F,C,C,D,D,C,D,D,46,23,,86,10,21,31,,
,,STL,St. Louis Blues,Crossman,60,42,D,Doug,D,C,F,F-,B,D,D,C,D,D,51,27,,914,103,321,424,,
,,STL,St. Louis Blues,Felsner,47,40,D,Denny,D,D,D,B,D,D,C,D,D,D,45,23,,18,4,0,4,,
,,STL,St. Louis Blues,Mackey,43,40,F,Dave,C,D,C,C,D,D,D,D,D,D,45,32,,126,8,9,17,,
,,STL,St. Louis Blues,Korolev,47,58,F,Igor,D,D,F,F-,C,D,F,C,D,D,48,28,,146,17,44,61,,
,,STL,St. Louis Blues,McRae,35,44,F,Basil,D,F,A,B,C,C,F,D,D,D,42,26,,749,101,138,239,,
,,STL,St. Louis Blues,Tilley,31,38,D,Tom,F,D,F,B,D,D,D,D,D,D,43,29,,174,8,23,31,,
,,STL,St. Louis Blues,Chase,38,35,F,Kelly,F,F,A,B,D,D,F,D,F,F,37,32,,193,12,25,37,,
Puppa,71,TBL,Tampa Bay Lightning,Klima,69,36,F,Petr,B,C,C,A,B,F,A,B,A ,A,74,28,,620,271,245,516,,
Young,39,TBL,Tampa Bay Lightning,Savard,73,48,F,Denis,C,B,C,F-,C,D,C,A,A ,C,72,26,,"1,045",438,814,"1,252",,
J.C. Bergeron,40,TBL,Tampa Bay Lightning,Bradley,71,54,F,Brian,B,B,C,D,B,D,B,C,B,B,71,27,,479,128,203,331,,
,,TBL,Tampa Bay Lightning,Cole,48,50,F,Danton,C,D,F,B,B,D,C,C,C,C,55,26,,191,33,26,59,,
,,TBL,Tampa Bay Lightning,Andersson,40,57,F,Mikael,D,C,F,A,B,D,D,C,D,B,53,24,,395,54,84,138,,
,,TBL,Tampa Bay Lightning,Elynuik,59,34,F,Pat,C,D,F,C,C,F,A,C,D,C,54,18,,422,137,172,309,,
,,TBL,Tampa Bay Lightning,Joseph,62,33,D,Chris,C,C,B,D,C,C,D,C,C,C,52,29,,231,17,38,55,,
,,TBL,Tampa Bay Lightning,Gratton,63,54,F,Chris,B,C,B,C,C,C,D,C,D,C,55,19,,84,13,29,42,,
,,TBL,Tampa Bay Lightning,Tucker,51,78,F,John,C,C,C,D,B,C,C,C,D,C,59,28,,554,157,247,404,,
,,TBL,Tampa Bay Lightning,Hamrlik,56,45,D,Roman,C,D,C,B,C,C,F,C,C,D,48,28,,131,9,41,50,,
,,TBL,Tampa Bay Lightning,Creighton,51,45,F,Adam,D,C,D,B,C,D,D,C,C,D,49,24,,622,169,185,354,,
,,TBL,Tampa Bay Lightning,Bergevin,46,49,D,Marc,D,D,D,C,C,F,F-,C,D,C,46,24,,588,20,82,102,,
,,TBL,Tampa Bay Lightning,Zamuner,48,54,F,Rob,D,D,C,C,B,C,D,C,D,D,49,27,,131,18,17,35,,
,,TBL,Tampa Bay Lightning,Bureau,38,49,F,Marc,D,D,C,C,C,D,D,C,D,D,47,30,,226,37,35,72,,
,,TBL,Tampa Bay Lightning,Chambers,51,56,D,Shawn,D,D,D,D,C,D,D,C,D,D,49,27,,233,22,50,72,,
,,TBL,Tampa Bay Lightning,Gallant,53,58,F,Gerard,D,C,B,F,C,B,D,D,D,D,49,23,,615,211,256,467,,
,,TBL,Tampa Bay Lightning,Poeschek,36,41,D,Rudy,D,D,B,C,C,C,F,D,D,D,44,23,,173,2,13,15,,
,,TBL,Tampa Bay Lightning,Ciccone,33,44,D,Enrico,F,F,A,B,C,D,F,F,D,F,38,23,,88,1,1,2,,
,,TBL,Tampa Bay Lightning,Charron,36,44,D,Eric,F,F,B,B,D,D,F,F,D,F,38,30,,4,0,0,0,,
,,TBL,Tampa Bay Lightning,Cummins,32,32,F,Jim,F,F,A,B,D,D,F,F,F,F,35,34,,35,1,2,3,,
Potvin,89,TOR,Toronto Maple Leafs,Gilmour,94,81,F,Doug,C,A,C,F-,A+,B,B,A,A ,B,91,29,,910,312,655,967,,
Rhodes,58,TOR,Toronto Maple Leafs,Gartner,79,46,F,Mike,A ,B,D,A,A,D,C,C,A ,A,74,28,,"1,166",620,509,"1,129",,
,,TOR,Toronto Maple Leafs,Ellett,59,71,D,Dave,A ,B,D,D,B,C,F,B,A ,B,71,28,,826,132,344,476,,
,,TOR,Toronto Maple Leafs,Borshevsky,68,39,F,Nikolai,C,B,F,D,B,D,B,B,B,B,70,30,,123,38,62,100,,
,,TOR,Toronto Maple Leafs,Clark,69,61,F,Wendel,A+,B,B,B,B,B,B,C,C,C,71,29,,488,229,161,390,,
,,TOR,Toronto Maple Leafs,Andreychuk,82,58,F,Dave,A,C,D,B,A,C,A,B,C,D,76,26,,896,434,422,856,,
,,TOR,Toronto Maple Leafs,Cullen,61,65,F,John,C,B,C,F,B,D,B,C,B,C,64,32,,419,130,255,385,,
,,TOR,Toronto Maple Leafs,Eastwood,57,54,F,Mike,D,D,D,D,C,D,D,C,C,B,58,28,,66,9,21,30,,
,,TOR,Toronto Maple Leafs,Macoun,42,69,D,Jamie,B,B,D,B,B,B,F,C,C,C,60,33,,831,66,259,325,,
,,TOR,Toronto Maple Leafs,Zezel,44,71,F,Peter,C,B,F,F,B,B,C,C,C,C,64,28,,708,201,348,549,,
,,TOR,Toronto Maple Leafs,Krushelski,58,73,F,Mike,D,D,D,C,B,C,C,C,C,C,61,28,,810,230,294,524,,
,,TOR,Toronto Maple Leafs,Mironov,62,65,D,Dmitri,C,C,D,F,C,F,D,C,C,C,54,29,,154,16,61,77,,
,,TOR,Toronto Maple Leafs,Gill,52,48,D,Todd,D,D,C,F,B,C,D,C,C,C,57,22,,601,57,203,260,,
,,TOR,Toronto Maple Leafs,Rouse,31,69,D,Bob,D,D,B,B,B,B,F,C,C,C,55,26,,725,32,105,137,,
,,TOR,Toronto Maple Leafs,Mandrville,44,62,F,Kent,D,D,F,C,C,D,D,C,C,C,51,22,,135,9,25,34,,
,,TOR,Toronto Maple Leafs,Berg,45,49,F,Bill,D,D,B,B,B,B,C,C,C,D,52,32,,267,30,37,67,,
,,TOR,Toronto Maple Leafs,Pearson,54,49,F,Rob,C,D,A,A,B,D,C,C,D,D,54,22,,173,43,41,84,,
,,TOR,Toronto Maple Leafs,Osborne,45,68,F,Mark,D,D,C,B,B,C,D,C,D,D,51,21,,879,201,306,507,,
,,TOR,Toronto Maple Leafs,Martin,39,39,D,Matt,D,C,D,D,C,D,D,C,D,D,45,26,,11,0,1,1,,
,,TOR,Toronto Maple Leafs,Berehowsky,46,60,D,Drake,D,D,C,F,C,C,D,D,D,D,47,27,,18,0,0,0,,
,,TOR,Toronto Maple Leafs,Lefebvre,33,56,D,Sylvain,F,C,C,B,B,C,F-,C,D,D,46,22,,358,20,67,87,,
,,TOR,Toronto Maple Leafs,Baumgartnr,25,45,F,Ken,D,D,A,C,D,C,F,F,D,D,40,28,,375,8,20,28,,
McLean,73,VAN,Vancouver Canucks,Bure,99,43,F,Pavel,A+,C,D,A,B,D,A,A,A+,A+,94,31,,211,154,100,254,,
Whitmore,87,VAN,Vancouver Canucks,Ronning,73,50,F,Cliff,D,B,F,F,A,F,C,C,A ,A,78,27,,430,142,217,359,,
,,VAN,Vancouver Canucks,Courtnall,69,73,F,Geoff,B,B,B,C,C,F,D,C,A ,A,71,30,,762,255,330,585,,
,,VAN,Vancouver Canucks,Brown,67,77,D,Jeff,A ,A,D,F,A,D,C,B,B,C,73,25,,529,102,303,405,,
,,VAN,Vancouver Canucks,Adams,63,48,F,Greg,C,C,D,F,B,C,B,C,B,B,71,23,,646,238,247,485,,
,,VAN,Vancouver Canucks,Carson,68,44,F,Jimmy,C,C,F,C,B,F,B,C,B,B,65,28,,573,268,282,550,,
,,VAN,Vancouver Canucks,Linden,71,78,F,Trevor,B,B,D,C,B,C,B,B,C,C,72,22,,464,156,208,364,,
,,VAN,Vancouver Canucks,Momesso,60,52,F,Sergio,B,D,B,B,B,A,D,C,B,C,62,28,,547,125,155,280,,
,,VAN,Vancouver Canucks,Slegr,61,54,D,Jiri,C,C,B,F,B,D,F,C,B,B,58,27,,88,9,35,44,,
,,VAN,Vancouver Canucks,Diduck,32,55,D,Gerald,D,C,B,D,C,B,F,C,B,B,55,29,,586,45,114,159,,
,,VAN,Vancouver Canucks,Lumme,64,69,D,Jyrki,C,B,D,F,B,F,F,B,B,C,65,23,,429,57,179,236,,
,,VAN,Vancouver Canucks,Craven,55,50,F,Murray,C,C,F,F,C,C,B,C,C,C,62,27,,794,225,352,577,,
,,VAN,Vancouver Canucks,Gelinas,54,39,F,Martin,C,C,D,B,D,D,C,C,C,C,52,23,,344,70,84,154,,
,,VAN,Vancouver Canucks,Charboneau,42,45,F,Jose,C,D,C,B,D,D,B,C,D,C,51,27,,55,11,14,25,,
,,VAN,Vancouver Canucks,Odjick,44,54,F,Gino,C,D,A+,C,C,B,D,C,C,D,51,23,,236,25,31,56,,
,,VAN,Vancouver Canucks,Murzyn,43,59,D,Dana,B,D,C,B,B,C,F,C,D,D,49,32,,639,43,133,176,,
,,VAN,Vancouver Canucks,Plavsic,40,59,D,Adrien,D,D,C,F,C,C,D,C,D,D,47,24,,150,12,43,55,,
,,VAN,Vancouver Canucks,Babych,49,79,D,Dave,C,C,D,D,B,D,F-,C,D,D,50,33,,966,132,509,641,,
,,VAN,Vancouver Canucks,McIntyre,30,47,F,John,D,D,D,D,B,C,F,C,D,D,46,23,,304,27,38,65,,
,,VAN,Vancouver Canucks,Hunter,30,42,F,Tim,D,D,A,C,D,C,D,D,D,D,44,23,,631,52,70,122,,
,,VAN,Vancouver Canucks,Hedican,42,46,D,Bret,D,D,D,C,C,D,F-,C,D,D,45,25,,115,1,21,22,,
,,VAN,Vancouver Canucks,Antoski,32,30,F,Shawn,D,D,A,C,D,C,F,F,F,F,38,25,,61,4,3,7,,
Beaupre,68,WAS,Washington Capitals,Bondra,77,60,F,Peter,A,C,D,B,B,F,B,A,B,A+,76,30,,277,101,111,212,,
Tabaracci,53,WAS,Washington Capitals,Juneau,79,48,F,Joe,B,A,F,F-,B,D,C,B,B,A,82,24,,173,57,149,206,,
Dafoe,52,WAS,Washington Capitals,Ridley,69,52,F,Mike,C,B,D,F-,B,D,A,B,B,B,75,27,,766,266,401,667,,
,,WAS,Washington Capitals,Khristich,69,57,F,Dimitri,B,B,D,D,B,C,A+,A,C,C,74,30,,282,109,115,224,,
,,WAS,Washington Capitals,Pivonka,78,47,F,Michal,C,B,D,F-,C,C,C,B,C,B,70,24,,512,137,311,448,,
,,WAS,Washington Capitals,Miller,54,56,F,Kelly,C,B,D,F,B,D,C,C,B,B,64,27,,704,134,189,323,,
,,WAS,Washington Capitals,Peake,53,41,F,Pat,C,D,F,B,C,F,C,C,B,C,55,25,,85,11,20,31,,
,,WAS,Washington Capitals,Burridge,62,52,F,Randy,B,C,C,C,C,C,A,C,C,D,60,33,,554,171,218,389,,
,,WAS,Washington Capitals,Jones,49,47,F,Keith,D,C,A,D,C,B,C,C,D,C,59,28,,139,25,30,55,,
,,WAS,Washington Capitals,Hunter,78,68,F,Dale,C,B,A+,F,B,B,B,C,D,D,66,35,,990,269,584,853,,
,,WAS,Washington Capitals,Krygier,43,47,F,Todd,D,F,D,A,C,D,D,D,D,B,49,21,,351,67,73,140,,
,,WAS,Washington Capitals,Poulin,43,73,F,Dave,D,C,D,F,C,C,D,C,C,D,51,28,,703,201,316,517,,
,,WAS,Washington Capitals,Konowlchuk,45,44,F,Steve,D,D,D,C,D,C,D,C,D,D,47,26,,119,16,21,37,,
,,WAS,Washington Capitals,Berube,32,38,F,Craig,D,F,A,B,D,C,D,D,D,D,45,27,,414,28,52,80,,
,,WAS,Washington Capitals,Johansson,51,71,D,Teemu,A+,B,D,B,A,C,A,A,A ,A+,90,27,,531,74,240,314,,
,,WAS,Washington Capitals,Hatcher,68,73,D,Nelson,B,B,D,D,B,D,B,B,B,B,77,21,,135,101,85,186,,
,,WAS,Washington Capitals,Cote,48,74,D,Dallas,C,C,B,F,B,D,C,B,B,B,70,31,,685,149,277,426,,
,,WAS,Washington Capitals,Slaney,45,48,D,Alexei,C,B,D,F,B,D,C,B,A ,C,73,28,,219,64,108,172,,
,,WAS,Washington Capitals,Johnson,37,70,D,Dave,A ,C,B,B,A,B,F,C,B,B,65,25,,673,85,195,280,,
,,WAS,Washington Capitals,Reekie,46,55,D,Keith,B,C,B,B,B,B,B,B,C,C,73,23,,119,21,51,72,,
,,WAS,Washington Capitals,Anderson,36,45,D,Thomas,C,A,C,F-,C,C,B,B,C,C,67,26,,63,7,12,19,,
Cheveldae,64,WPG,Winnipeg Jets,Selanne,94,41,F,Teppo,C,C,D,F,B,C,D,C,B,C,63,24,,129,51,92,143,,
O'Neill,39,WPG,Winnipeg Jets,Emerson,70,54,F,Kris,D,D,B,C,B,B,D,B,C,C,62,23,,514,13,120,133,,
,,WPG,Winnipeg Jets,Drake,61,75,F,Luciano,D,C,F,D,C,D,C,C,C,C,52,26,,531,51,144,195,,
,,WPG,Winnipeg Jets,Zhamnov,76,51,F,Mike,D,D,C,F,A,B,D,C,C,C,55,21,,462,23,86,109,,
,,WPG,Winnipeg Jets,Manson,62,49,D,Tie,C,D,A+,F,B,C,C,C,C,D,53,33,,184,72,68,140,,
,,WPG,Winnipeg Jets,Tkachuk,70,63,F,Darrin,C,C,D,D,B,C,C,C,C,D,59,25,,255,11,48,59,,
,,WPG,Winnipeg Jets,Steen,58,61,F,Russ,D,D,D,A,D,C,C,C,C,D,47,27,,950,264,553,817,,
,,WPG,Winnipeg Jets,Numminen,59,56,D,John,C,D,D,B,D,D,C,C,D,D,47,27,,508,44,60,104,,
,,WPG,Winnipeg Jets,King,44,77,F,Igor,D,D,B,F-,B,B,F-,C,C,D,51,30,,167,35,55,90,,
,,WPG,Winnipeg Jets,Borsato,47,60,F,Randy,D,D,D,B,B,C,F,C,D,D,46,24,,601,54,87,141,,
,,WPG,Winnipeg Jets,Eagles,30,76,F,Stephane,D,C,C,B,B,B,F,C,D,D,47,24,,184,23,20,43,,
,,WPG,Winnipeg Jets,Domi,46,48,F,Wayne,C,D,D,C,C,D,F,D,D,D,43,23,,262,57,107,164,,
,,WPG,Winnipeg Jets,Shannon,47,56,F,Dean,D,D,C,B,B,C,F-,D,D,D,44,29,,59,8,6,14,,
,,WPG,Winnipeg Jets,Romaniuk,35,45,F,Darryl,D,D,D,C,C,C,F-,D,D,F,39,24,,460,39,164,203,,
,,WPG,Winnipeg Jets,LeBlanc,46,34,F,Calle,C,B,D,F,B,D,D,C,B,B,64,30,,78,15,14,29,,
,,WPG,Winnipeg Jets,Ulanov,43,79,D,Kevin,A ,B,B,B,B,A,D,C,C,C,75,25,,153,4,29,33,,
,,WPG,Winnipeg Jets,Gilhen,31,74,F,Sylvain,C,C,C,C,B,C,D,C,C,C,60,24,,388,50,52,102,,
,,WPG,Winnipeg Jets,Quintal,33,61,D,Jon,C,D,F,A,D,D,C,C,C,C,51,30,,297,11,44,55,,
,,WPG,Winnipeg Jets,McBean,40,35,D,Jim,C,C,C,D,B,C,D,C,C,D,52,25,,211,10,39,49,,
,,WPG,Winnipeg Jets,Kennedy,38,48,D,Joe,D,D,C,C,C,C,D,C,C,D,50,26,,633,25,113,138,,
,,WPG,Winnipeg Jets,Shannon,30,38,D,Shawn,D,D,F,C,D,C,F,C,D,D,43,31,,225,9,51,60,,
,,,,,,,,,,,,,,,,,,,57.56914894,25,,,,,,,
,,,,,,,,,,,,,,,,,,,,26,,,,,,,
,,,,,,,,,,,,,,,,,,,,24,,,,,,,
,,,,,,,,,,,,,,,,,,,,23,,,,,,,
,,,,,,,,,,,,,,,,,,,,27,,,,,,,
,,,,,,,,,,,,,,,,,,,,26,,,,,,,
,,,,,,,,,,,,,,,,,,,,28,,,,,,,
,,,,,,,,,,,,,,,,,,,,26,,,,,,,
,,,,,,,,,,,,,,,,,,,,30,,,,,,,
,,,,,,,,,,,,,,,,,,,,24,,,,,,,
,,,,,,,,,,,,,,,,,,,,33,,,,,,,
,,,,,,,,,,,,,,,,,,,,25,,,,,,,
,,,,,,,,,,,,,,,,,,,,26,,,,,,,
,,,,,,,,,,,,,,,,,,,,26,,,,,,,
,,,,,,,,,,,,,,,,,,,,26,,,,,,,
,,,,,,,,,,,,,,,,,,,,29,,,,,,,
,,,,,,,,,,,,,,,,,,,,28,,,,,,,
,,,,,,,,,,,,,,,,,,,,27,,,,,,,
,,,,,,,,,,,,,,,,,,,,28,,,,,,,
,,,,,,,,,,,,,,,,,,,,33,,,,,,,
,,,,,,,,,,,,,,,,,,,,27,,,,,,,
,,,,,,,,,,,,,,,,,,,,22,,,,,,,
,,,,,,,,,,,,,,,,,,,,27,,,,,,,
,,,,,,,,,,,,,,,,,,,,31,,,,,,,
,,,,,,,,,,,,,,,,,,,,25,,,,,,,
,,,,,,,,,,,,,,,,,,,,28,,,,,,,
,,,,,,,,,,,,,,,,,,,,21,,,,,,,
,,,,,,,,,,,,,,,,,,,,27,,,,,,,
,,,,,,,,,,,,,,,,,,,,24,,,,,,,
,,,,,,,,,,,,,,,,,,,,23,,,,,,,
,,,,,,,,,,,,,,,,,,,,25,,,,,,,
,,,,,,,,,,,,,,,,,,,,27,,,,,,,
,,,,,,,,,,,,,,,,,,,,27,,,,,,,
,,,,,,,,,,,,,,,,,,,,21,,,,,,,
,,,,,,,,,,,,,,,,,,,,25,,,,,,,
,,,,,,,,,,,,,,,,,,,,26,,,,,,,
,,,,,,,,,,,,,,,,,,,,29,,,,,,,
,,,,,,,,,,,,,,,,,,,,29,,,,,,,
,,,,,,,,,,,,,,,,,,,,21,,,,,,,
,,,,,,,,,,,,,,,,,,,,36,,,,,,,
,,,,,,,,,,,,,,,,,,,,23,,,,,,,
,,,,,,,,,,,,,,,,,,,,24,,,,,,,
,,,,,,,,,,,,,,,,,,,,30,,,,,,,
,,,,,,,,,,,,,,,,,,,,28,,,,,,,
,,,,,,,,,,,,,,,,,,,,22,,,,,,,
,,,,,,,,,,,,,,,,,,,,29,,,,,,,
,,,,,,,,,,,,,,,,,,,,24,,,,,,,
,,,,,,,,,,,,,,,,,,,,27,,,,,,,
,,,,,,,,,,,,,,,,,,,,26,,,,,,,
,,,,,,,,,,,,,,,,,,,,30,,,,,,,
,,,,,,,,,,,,,,,,,,,,28,,,,,,,
,,,,,,,,,,,,,,,,,,,,20,,,,,,,
,,,,,,,,,,,,,,,,,,,,20,,,,,,,
,,,,,,,,,,,,,,,,,,,,27,,,,,,,
,,,,,,,,,,,,,,,,,,,,25,,,,,,,
,,,,,,,,,,,,,,,,,,,,23,,,,,,,
,,,,,,,,,,,,,,,,,,,,29,,,,,,,
,,,,,,,,,,,,,,,,,,,,32,,,,,,,
,,,,,,,,,,,,,,,,,,,,22,,,,,,,
,,,,,,,,,,,,,,,,,,,,24,,,,,,,
,,,,,,,,,,,,,,,,,,,,31,,,,,,,
,,,,,,,,,,,,,,,,,,,,30,,,,,,,
,,,,,,,,,,,,,,,,,,,,20,,,,,,,
,,,,,,,,,,,,,,,,,,,,25,,,,,,,
,,,,,,,,,,,,,,,,,,,,27,,,,,,,
,,,,,,,,,,,,,,,,,,,,22,,,,,,,
,,,,,,,,,,,,,,,,,,,,35,,,,,,,
,,,,,,,,,,,,,,,,,,,,25,,,,,,,
,,,,,,,,,,,,,,,,,,,,27,,,,,,,
,,,,,,,,,,,,,,,,,,,,30,,,,,,,
,,,,,,,,,,,,,,,,,,,,21,,,,,,,
,,,,,,,,,,,,,,,,,,,,28,,,,,,,
,,,,,,,,,,,,,,,,,,,,32,,,,,,,
,,,,,,,,,,,,,,,,,,,,29,,,,,,,
,,,,,,,,,,,,,,,,,,,,34,,,,,,,
,,,,,,,,,,,,,,,,,,,,29,,,,,,,
,,,,,,,,,,,,,,,,,,,,28,,,,,,,
,,,,,,,,,,,,,,,,,,,,23,,,,,,,
,,,,,,,,,,,,,,,,,,,,31,,,,,,,
,,,,,,,,,,,,,,,,,,,,25,,,,,,,
,,,,,,,,,,,,,,,,,,,,25,,,,,,,
,,,,,,,,,,,,,,,,,,,,23,,,,,,,
,,,,,,,,,,,,,,,,,,,,26,,,,,,,
,,,,,,,,,,,,,,,,,,,,25,,,,,,,
,,,,,,,,,,,,,,,,,,,,21,,,,,,,
,,,,,,,,,,,,,,,,,,,,23,,,,,,,
,,,,,,,,,,,,,,,,,,,,29,,,,,,,
,,,,,,,,,,,,,,,,,,,,31,,,,,,,
,,,,,,,,,,,,,,,,,,,,26,,,,,,,
,,,,,,,,,,,,,,,,,,,,23,,,,,,,
,,,,,,,,,,,,,,,,,,,,27,,,,,,,
,,,,,,,,,,,,,,,,,,,,29,,,,,,,
,,,,,,,,,,,,,,,,,,,,30,,,,,,,
,,,,,,,,,,,,,,,,,,,,34,,,,,,,
,,,,,,,,,,,,,,,,,,,,33,,,,,,,
,,,,,,,,,,,,,,,,,,,,27,,,,,,,
,,,,,,,,,,,,,,,,,,,,31,,,,,,,
,,,,,,,,,,,,,,,,,,,,20,,,,,,,
,,,,,,,,,,,,,,,,,,,,32,,,,,,,
,,,,,,,,,,,,,,,,,,,,23,,,,,,,
,,,,,,,,,,,,,,,,,,,,26,,,,,,,
,,,,,,,,,,,,,,,,,,,,24,,,,,,,
,,,,,,,,,,,,,,,,,,,,23,,,,,,,
,,,,,,,,,,,,,,,,,,,,30,,,,,,,
,,,,,,,,,,,,,,,,,,,,20,,,,,,,
,,,,,,,,,,,,,,,,,,,,25,,,,,,,
,,,,,,,,,,,,,,,,,,,,27,,,,,,,
,,,,,,,,,,,,,,,,,,,,23,,,,,,,
,,,,,,,,,,,,,,,,,,,,28,,,,,,,
,,,,,,,,,,,,,,,,,,,,29,,,,,,,
,,,,,,,,,,,,,,,,,,,,30,,,,,,,
,,,,,,,,,,,,,,,,,,,,34,,,,,,,
,,,,,,,,,,,,,,,,,,,,26,,,,,,,
,,,,,,,,,,,,,,,,,,,,33,,,,,,,
,,,,,,,,,,,,,,,,,,,,27,,,,,,,
,,,,,,,,,,,,,,,,,,,,22,,,,,,,
,,,,,,,,,,,,,,,,,,,,23,,,,,,,
,,,,,,,,,,,,,,,,,,,,28,,,,,,,
,,,,,,,,,,,,,,,,,,,,22,,,,,,,
,,,,,,,,,,,,,,,,,,,,32,,,,,,,
,,,,,,,,,,,,,,,,,,,,20,,,,,,,
,,,,,,,,,,,,,,,,,,,,21,,,,,,,
,,,,,,,,,,,,,,,,,,,,29,,,,,,,
,,,,,,,,,,,,,,,,,,,,28,,,,,,,
,,,,,,,,,,,,,,,,,,,,33,,,,,,,
,,,,,,,,,,,,,,,,,,,,28,,,,,,,
,,,,,,,,,,,,,,,,,,,,23,,,,,,,
,,,,,,,,,,,,,,,,,,,,28,,,,,,,
,,,,,,,,,,,,,,,,,,,,32,,,,,,,
,,,,,,,,,,,,,,,,,,,,24,,,,,,,
,,,,,,,,,,,,,,,,,,,,28,,,,,,,
,,,,,,,,,,,,,,,,,,,,32,,,,,,,
,,,,,,,,,,,,,,,,,,,,33,,,,,,,
,,,,,,,,,,,,,,,,,,,,21,,,,,,,
,,,,,,,,,,,,,,,,,,,,26,,,,,,,
,,,,,,,,,,,,,,,,,,,,24,,,,,,,
,,,,,,,,,,,,,,,,,,,,23,,,,,,,
,,,,,,,,,,,,,,,,,,,,22,,,,,,,
,,,,,,,,,,,,,,,,,,,,26,,,,,,,
,,,,,,,,,,,,,,,,,,,,28,,,,,,,
,,,,,,,,,,,,,,,,,,,,22,,,,,,,
,,,,,,,,,,,,,,,,,,,,22,,,,,,,
,,,,,,,,,,,,,,,,,,,,27,,,,,,,
,,,,,,,,,,,,,,,,,,,,22,,,,,,,
,,,,,,,,,,,,,,,,,,,,38,,,,,,,
,,,,,,,,,,,,,,,,,,,,27,,,,,,,
,,,,,,,,,,,,,,,,,,,,24,,,,,,,
,,,,,,,,,,,,,,,,,,,,21,,,,,,,
,,,,,,,,,,,,,,,,,,,,26,,,,,,,
,,,,,,,,,,,,,,,,,,,,27,,,,,,,
,,,,,,,,,,,,,,,,,,,,27,,,,,,,
,,,,,,,,,,,,,,,,,,,,27,,,,,,,
,,,,,,,,,,,,,,,,,,,,19,,,,,,,
,,,,,,,,,,,,,,,,,,,,20,,,,,,,
,,,,,,,,,,,,,,,,,,,,24,,,,,,,
,,,,,,,,,,,,,,,,,,,,27,,,,,,,
,,,,,,,,,,,,,,,,,,,,22,,,,,,,
,,,,,,,,,,,,,,,,,,,,27,,,,,,,
,,,,,,,,,,,,,,,,,,,,20,,,,,,,
,,,,,,,,,,,,,,,,,,,,24,,,,,,,
,,,,,,,,,,,,,,,,,,,,21,,,,,,,
,,,,,,,,,,,,,,,,,,,,26,,,,,,,
,,,,,,,,,,,,,,,,,,,,27,,,,,,,
,,,,,,,,,,,,,,,,,,,,27,,,,,,,
,,,,,,,,,,,,,,,,,,,,24,,,,,,,
,,,,,,,,,,,,,,,,,,,,22,,,,,,,
,,,,,,,,,,,,,,,,,,,,21,,,,,,,
,,,,,,,,,,,,,,,,,,,,24,,,,,,,
,,,,,,,,,,,,,,,,,,,,30,,,,,,,
,,,,,,,,,,,,,,,,,,,,25,,,,,,,
,,,,,,,,,,,,,,,,,,,,22,,,,,,,
,,,,,,,,,,,,,,,,,,,,22,,,,,,,
,,,,,,,,,,,,,,,,,,,,22,,,,,,,
,,,,,,,,,,,,,,,,,,,,19,,,,,,,
,,,,,,,,,,,,,,,,,,,,26,,,,,,,
,,,,,,,,,,,,,,,,,,,,24,,,,,,,
,,,,,,,,,,,,,,,,,,,,29,,,,,,,
,,,,,,,,,,,,,,,,,,,,30,,,,,,,
,,,,,,,,,,,,,,,,,,,,23,,,,,,,
,,,,,,,,,,,,,,,,,,,,29,,,,,,,
,,,,,,,,,,,,,,,,,,,,28,,,,,,,
,,,,,,,,,,,,,,,,,,,,24,,,,,,,
,,,,,,,,,,,,,,,,,,,,25,,,,,,,
,,,,,,,,,,,,,,,,,,,,28,,,,,,,
,,,,,,,,,,,,,,,,,,,,30,,,,,,,
,,,,,,,,,,,,,,,,,,,,27,,,,,,,
,,,,,,,,,,,,,,,,,,,,34,,,,,,,
,,,,,,,,,,,,,,,,,,,,27,,,,,,,
,,,,,,,,,,,,,,,,,,,,27,,,,,,,
,,,,,,,,,,,,,,,,,,,,30,,,,,,,
,,,,,,,,,,,,,,,,,,,,25,,,,,,,
,,,,,,,,,,,,,,,,,,,,33,,,,,,,
,,,,,,,,,,,,,,,,,,,,24,,,,,,,
,,,,,,,,,,,,,,,,,,,,23,,,,,,,
,,,,,,,,,,,,,,,,,,,,22,,,,,,,
,,,,,,,,,,,,,,,,,,,,21,,,,,,,
,,,,,,,,,,,,,,,,,,,,29,,,,,,,
,,,,,,,,,,,,,,,,,,,,25,,,,,,,
,,,,,,,,,,,,,,,,,,,,27,,,,,,,
,,,,,,,,,,,,,,,,,,,,26,,,,,,,
,,,,,,,,,,,,,,,,,,,,22,,,,,,,
,,,,,,,,,,,,,,,,,,,,24,,,,,,,
,,,,,,,,,,,,,,,,,,,,19,,,,,,,
,,,,,,,,,,,,,,,,,,,,22,,,,,,,
,,,,,,,,,,,,,,,,,,,,25,,,,,,,
,,,,,,,,,,,,,,,,,,,,23,,,,,,,
,,,,,,,,,,,,,,,,,,,,24,,,,,,,
,,,,,,,,,,,,,,,,,,,,34,,,,,,,
,,,,,,,,,,,,,,,,,,,,25,,,,,,,
,,,,,,,,,,,,,,,,,,,,20,,,,,,,
,,,,,,,,,,,,,,,,,,,,23,,,,,,,
,,,,,,,,,,,,,,,,,,,,24,,,,,,,
,,,,,,,,,,,,,,,,,,,,34,,,,,,,
,,,,,,,,,,,,,,,,,,,,27,,,,,,,
,,,,,,,,,,,,,,,,,,,,27,,,,,,,
,,,,,,,,,,,,,,,,,,,,32,,,,,,,
,,,,,,,,,,,,,,,,,,,,29,,,,,,,
,,,,,,,,,,,,,,,,,,,,21,,,,,,,
,,,,,,,,,,,,,,,,,,,,24,,,,,,,
,,,,,,,,,,,,,,,,,,,,33,,,,,,,
,,,,,,,,,,,,,,,,,,,,30,,,,,,,
,,,,,,,,,,,,,,,,,,,,21,,,,,,,
,,,,,,,,,,,,,,,,,,,,25,,,,,,,
,,,,,,,,,,,,,,,,,,,,23,,,,,,,
,,,,,,,,,,,,,,,,,,,,28,,,,,,,
,,,,,,,,,,,,,,,,,,,,34,,,,,,,
,,,,,,,,,,,,,,,,,,,,25,,,,,,,
,,,,,,,,,,,,,,,,,,,,30,,,,,,,
,,,,,,,,,,,,,,,,,,,,34,,,,,,,
,,,,,,,,,,,,,,,,,,,,26,,,,,,,
,,,,,,,,,,,,,,,,,,,,27,,,,,,,
,,,,,,,,,,,,,,,,,,,,26,,,,,,,
,,,,,,,,,,,,,,,,,,,,27,,,,,,,
,,,,,,,,,,,,,,,,,,,,26,,,,,,,
,,,,,,,,,,,,,,,,,,,,34,,,,,,,
,,,,,,,,,,,,,,,,,,,,26,,,,,,,
,,,,,,,,,,,,,,,,,,,,29,,,,,,,
,,,,,,,,,,,,,,,,,,,,27,,,,,,,
,,,,,,,,,,,,,,,,,,,,24,,,,,,,
,,,,,,,,,,,,,,,,,,,,24,,,,,,,
,,,,,,,,,,,,,,,,,,,,24,,,,,,,
,,,,,,,,,,,,,,,,,,,,26,,,,,,,
,,,,,,,,,,,,,,,,,,,,28,,,,,,,
,,,,,,,,,,,,,,,,,,,,33,,,,,,,
,,,,,,,,,,,,,,,,,,,,23,,,,,,,
,,,,,,,,,,,,,,,,,,,,23,,,,,,,
,,,,,,,,,,,,,,,,,,,,22,,,,,,,
,,,,,,,,,,,,,,,,,,,,23,,,,,,,
,,,,,,,,,,,,,,,,,,,,25,,,,,,,
,,,,,,,,,,,,,,,,,,,,22,,,,,,,
,,,,,,,,,,,,,,,,,,,,22,,,,,,,
,,,,,,,,,,,,,,,,,,,,37,,,,,,,
,,,,,,,,,,,,,,,,,,,,25,,,,,,,
,,,,,,,,,,,,,,,,,,,,25,,,,,,,
,,,,,,,,,,,,,,,,,,,,25,,,,,,,
,,,,,,,,,,,,,,,,,,,,29,,,,,,,
,,,,,,,,,,,,,,,,,,,,24,,,,,,,
,,,,,,,,,,,,,,,,,,,,27,,,,,,,
,,,,,,,,,,,,,,,,,,,,25,,,,,,,
,,,,,,,,,,,,,,,,,,,,25,,,,,,,
,,,,,,,,,,,,,,,,,,,,29,,,,,,,
,,,,,,,,,,,,,,,,,,,,23,,,,,,,
,,,,,,,,,,,,,,,,,,,,28,,,,,,,
,,,,,,,,,,,,,,,,,,,,27,,,,,,,
,,,,,,,,,,,,,,,,,,,,20,,,,,,,
,,,,,,,,,,,,,,,,,,,,31,,,,,,,
,,,,,,,,,,,,,,,,,,,,25,,,,,,,
,,,,,,,,,,,,,,,,,,,,32,,,,,,,
,,,,,,,,,,,,,,,,,,,,29,,,,,,,
,,,,,,,,,,,,,,,,,,,,27,,,,,,,
,,,,,,,,,,,,,,,,,,,,26,,,,,,,
,,,,,,,,,,,,,,,,,,,,22,,,,,,,
,,,,,,,,,,,,,,,,,,,,20,,,,,,,
,,,,,,,,,,,,,,,,,,,,22,,,,,,,
,,,,,,,,,,,,,,,,,,,,35,,,,,,,
,,,,,,,,,,,,,,,,,,,,29,,,,,,,
,,,,,,,,,,,,,,,,,,,,30,,,,,,,
,,,,,,,,,,,,,,,,,,,,29,,,,,,,
,,,,,,,,,,,,,,,,,,,,28,,,,,,,
,,,,,,,,,,,,,,,,,,,,24,,,,,,,
,,,,,,,,,,,,,,,,,,,,27,,,,,,,
,,,,,,,,,,,,,,,,,,,,30,,,,,,,
,,,,,,,,,,,,,,,,,,,,29,,,,,,,
,,,,,,,,,,,,,,,,,,,,27,,,,,,,
,,,,,,,,,,,,,,,,,,,,25,,,,,,,
,,,,,,,,,,,,,,,,,,,,21,,,,,,,
,,,,,,,,,,,,,,,,,,,,26,,,,,,,
,,,,,,,,,,,,,,,,,,,,23,,,,,,,
,,,,,,,,,,,,,,,,,,,,31,,,,,,,
,,,,,,,,,,,,,,,,,,,,23,,,,,,,
,,,,,,,,,,,,,,,,,,,,25,,,,,,,
,,,,,,,,,,,,,,,,,,,,28,,,,,,,
,,,,,,,,,,,,,,,,,,,,32,,,,,,,
,,,,,,,,,,,,,,,,,,,,35,,,,,,,
,,,,,,,,,,,,,,,,,,,,22,,,,,,,
,,,,,,,,,,,,,,,,,,,,30,,,,,,,
,,,,,,,,,,,,,,,,,,,,21,,,,,,,
,,,,,,,,,,,,,,,,,,,,26,,,,,,,
,,,,,,,,,,,,,,,,,,,,27,,,,,,,
,,,,,,,,,,,,,,,,,,,,30,,,,,,,
,,,,,,,,,,,,,,,,,,,,26,,,,,,,
,,,,,,,,,,,,,,,,,,,,26,,,,,,,
,,,,,,,,,,,,,,,,,,,,30,,,,,,,
,,,,,,,,,,,,,,,,,,,,28,,,,,,,
,,,,,,,,,,,,,,,,,,,,25,,,,,,,
,,,,,,,,,,,,,,,,,,,,32,,,,,,,
,,,,,,,,,,,,,,,,,,,,32,,,,,,,
,,,,,,,,,,,,,,,,,,,,23,,,,,,,
,,,,,,,,,,,,,,,,,,,,25,,,,,,,
,,,,,,,,,,,,,,,,,,,,33,,,,,,,
,,,,,,,,,,,,,,,,,,,,29,,,,,,,
,,,,,,,,,,,,,,,,,,,,28,,,,,,,
,,,,,,,,,,,,,,,,,,,,27,,,,,,,
,,,,,,,,,,,,,,,,,,,,35,,,,,,,
,,,,,,,,,,,,,,,,,,,,24,,,,,,,
,,,,,,,,,,,,,,,,,,,,26,,,,,,,
,,,,,,,,,,,,,,,,,,,,23,,,,,,,
,,,,,,,,,,,,,,,,,,,,33,,,,,,,
,,,,,,,,,,,,,,,,,,,,34,,,,,,,
,,,,,,,,,,,,,,,,,,,,31,,,,,,,
,,,,,,,,,,,,,,,,,,,,27,,,,,,,
,,,,,,,,,,,,,,,,,,,,28,,,,,,,
,,,,,,,,,,,,,,,,,,,,29,,,,,,,
,,,,,,,,,,,,,,,,,,,,34,,,,,,,
,,,,,,,,,,,,,,,,,,,,18,,,,,,,
,,,,,,,,,,,,,,,,,,,,26,,,,,,,
,,,,,,,,,,,,,,,,,,,,20,,,,,,,
,,,,,,,,,,,,,,,,,,,,28,,,,,,,
,,,,,,,,,,,,,,,,,,,,29,,,,,,,
,,,,,,,,,,,,,,,,,,,,31,,,,,,,
,,,,,,,,,,,,,,,,,,,,31,,,,,,,
,,,,,,,,,,,,,,,,,,,,25,,,,,,,
,,,,,,,,,,,,,,,,,,,,24,,,,,,,
,,,,,,,,,,,,,,,,,,,,26,,,,,,,
,,,,,,,,,,,,,,,,,,,,29,,,,,,,
,,,,,,,,,,,,,,,,,,,,28,,,,,,,
,,,,,,,,,,,,,,,,,,,,27,,,,,,,
,,,,,,,,,,,,,,,,,,,,22,,,,,,,
,,,,,,,,,,,,,,,,,,,,23,,,,,,,
,,,,,,,,,,,,,,,,,,,,32,,,,,,,
,,,,,,,,,,,,,,,,,,,,24,,,,,,,
,,,,,,,,,,,,,,,,,,,,23,,,,,,,
,,,,,,,,,,,,,,,,,,,,24,,,,,,,
,,,,,,,,,,,,,,,,,,,,24,,,,,,,
,,,,,,,,,,,,,,,,,,,,27,,,,,,,
,,,,,,,,,,,,,,,,,,,,31,,,,,,,
,,,,,,,,,,,,,,,,,,,,25,,,,,,,
,,,,,,,,,,,,,,,,,,,,20,,,,,,,
,,,,,,,,,,,,,,,,,,,,21,,,,,,,
,,,,,,,,,,,,,,,,,,,,23,,,,,,,
,,,,,,,,,,,,,,,,,,,,30,,,,,,,
,,,,,,,,,,,,,,,,,,,,24,,,,,,,
,,,,,,,,,,,,,,,,,,,,24,,,,,,,
,,,,,,,,,,,,,,,,,,,,22,,,,,,,
,,,,,,,,,,,,,,,,,,,,29,,,,,,,
,,,,,,,,,,,,,,,,,,,,30,,,,,,,
,,,,,,,,,,,,,,,,,,,,26,,,,,,,
,,,,,,,,,,,,,,,,,,,,20,,,,,,,
,,,,,,,,,,,,,,,,,,,,25,,,,,,,
,,,,,,,,,,,,,,,,,,,,24,,,,,,,
,,,,,,,,,,,,,,,,,,,,32,,,,,,,
,,,,,,,,,,,,,,,,,,,,27,,,,,,,
,,,,,,,,,,,,,,,,,,,,25,,,,,,,
,,,,,,,,,,,,,,,,,,,,34,,,,,,,
,,,,,,,,,,,,,,,,,,,,24,,,,,,,
,,,,,,,,,,,,,,,,,,,,26,,,,,,,
,,,,,,,,,,,,,,,,,,,,23,,,,,,,
,,,,,,,,,,,,,,,,,,,,31,,,,,,,
,,,,,,,,,,,,,,,,,,,,28,,,,,,,
,,,,,,,,,,,,,,,,,,,,21,,,,,,,
,,,,,,,,,,,,,,,,,,,,29,,,,,,,
,,,,,,,,,,,,,,,,,,,,28,,,,,,,
,,,,,,,,,,,,,,,,,,,,30,,,,,,,
,,,,,,,,,,,,,,,,,,,,21,,,,,,,
,,,,,,,,,,,,,,,,,,,,32,,,,,,,
,,,,,,,,,,,,,,,,,,,,36,,,,,,,
,,,,,,,,,,,,,,,,,,,,24,,,,,,,
,,,,,,,,,,,,,,,,,,,,29,,,,,,,
,,,,,,,,,,,,,,,,,,,,29,,,,,,,
,,,,,,,,,,,,,,,,,,,,20,,,,,,,
,,,,,,,,,,,,,,,,,,,,29,,,,,,,
,,,,,,,,,,,,,,,,,,,,23,,,,,,,
,,,,,,,,,,,,,,,,,,,,25,,,,,,,
,,,,,,,,,,,,,,,,,,,,25,,,,,,,
,,,,,,,,,,,,,,,,,,,,37,,,,,,,
,,,,,,,,,,,,,,,,,,,,35,,,,,,,
,,,,,,,,,,,,,,,,,,,,28,,,,,,,
,,,,,,,,,,,,,,,,,,,,33,,,,,,,
,,,,,,,,,,,,,,,,,,,,30,,,,,,,
,,,,,,,,,,,,,,,,,,,,24,,,,,,,
,,,,,,,,,,,,,,,,,,,,22,,,,,,,
,,,,,,,,,,,,,,,,,,,,27,,,,,,,
,,,,,,,,,,,,,,,,,,,,24,,,,,,,
,,,,,,,,,,,,,,,,,,,,26,,,,,,,
,,,,,,,,,,,,,,,,,,,,23,,,,,,,
,,,,,,,,,,,,,,,,,,,,21,,,,,,,
,,,,,,,,,,,,,,,,,,,,22,,,,,,,
,,,,,,,,,,,,,,,,,,,,28,,,,,,,
,,,,,,,,,,,,,,,,,,,,24,,,,,,,
,,,,,,,,,,,,,,,,,,,,25,,,,,,,
,,,,,,,,,,,,,,,,,,,,30,,,,,,,
,,,,,,,,,,,,,,,,,,,,29,,,,,,,
,,,,,,,,,,,,,,,,,,,,24,,,,,,,
,,,,,,,,,,,,,,,,,,,,26,,,,,,,
,,,,,,,,,,,,,,,,,,,,28,,,,,,,
,,,,,,,,,,,,,,,,,,,,24,,,,,,,
,,,,,,,,,,,,,,,,,,,,22,,,,,,,
,,,,,,,,,,,,,,,,,,,,30,,,,,,,
,,,,,,,,,,,,,,,,,,,,27,,,,,,,
,,,,,,,,,,,,,,,,,,,,22,,,,,,,
,,,,,,,,,,,,,,,,,,,,21,,,,,,,
,,,,,,,,,,,,,,,,,,,,25,,,,,,,
,,,,,,,,,,,,,,,,,,,,35,,,,,,,
,,,,,,,,,,,,,,,,,,,,33,,,,,,,
,,,,,,,,,,,,,,,,,,,,21,,,,,,,
,,,,,,,,,,,,,,,,,,,,26,,,,,,,
,,,,,,,,,,,,,,,,,,,,29,,,,,,,
,,,,,,,,,,,,,,,,,,,,21,,,,,,,
,,,,,,,,,,,,,,,,,,,,28,,,,,,,
,,,,,,,,,,,,,,,,,,,,27,,,,,,,
,,,,,,,,,,,,,,,,,,,,31,,,,,,,
,,,,,,,,,,,,,,,,,,,,27,,,,,,,
,,,,,,,,,,,,,,,,,,,,25,,,,,,,
,,,,,,,,,,,,,,,,,,,,23,,,,,,,
,,,,,,,,,,,,,,,,,,,,20,,,,,,,
,,,,,,,,,,,,,,,,,,,,22,,,,,,,
,,,,,,,,,,,,,,,,,,,,23,,,,,,,
,,,,,,,,,,,,,,,,,,,,21,,,,,,,
,,,,,,,,,,,,,,,,,,,,24,,,,,,,
,,,,,,,,,,,,,,,,,,,,19,,,,,,,
,,,,,,,,,,,,,,,,,,,,23,,,,,,,
,,,,,,,,,,,,,,,,,,,,24,,,,,,,
,,,,,,,,,,,,,,,,,,,,30,,,,,,,
,,,,,,,,,,,,,,,,,,,,29,,,,,,,
,,,,,,,,,,,,,,,,,,,,24,,,,,,,
,,,,,,,,,,,,,,,,,,,,26,,,,,,,
,,,,,,,,,,,,,,,,,,,,28,,,,,,,
,,,,,,,,,,,,,,,,,,,,22,,,,,,,
,,,,,,,,,,,,,,,,,,,,37,,,,,,,
,,,,,,,,,,,,,,,,,,,,28,,,,,,,
,,,,,,,,,,,,,,,,,,,,34,,,,,,,
,,,,,,,,,,,,,,,,,,,,27,,,,,,,
,,,,,,,,,,,,,,,,,,,,26,,,,,,,
,,,,,,,,,,,,,,,,,,,,30,,,,,,,
,,,,,,,,,,,,,,,,,,,,24,,,,,,,
,,,,,,,,,,,,,,,,,,,,27,,,,,,,
,,,,,,,,,,,,,,,,,,,,25,,,,,,,
,,,,,,,,,,,,,,,,,,,,33,,,,,,,
,,,,,,,,,,,,,,,,,,,,23,,,,,,,
,,,,,,,,,,,,,,,,,,,,27,,,,,,,
,,,,,,,,,,,,,,,,,,,,23,,,,,,,
,,,,,,,,,,,,,,,,,,,,32,,,,,,,
,,,,,,,,,,,,,,,,,,,,28,,,,,,,
,,,,,,,,,,,,,,,,,,,,26,,,,,,,
,,,,,,,,,,,,,,,,,,,,29,,,,,,,
,,,,,,,,,,,,,,,,,,,,32,,,,,,,
,,,,,,,,,,,,,,,,,,,,28,,,,,,,
,,,,,,,,,,,,,,,,,,,,26,,,,,,,
,,,,,,,,,,,,,,,,,,,,27,,,,,,,
,,,,,,,,,,,,,,,,,,,,26,,,,,,,
,,,,,,,,,,,,,,,,,,,,24,,,,,,,
,,,,,,,,,,,,,,,,,,,,18,,,,,,,
,,,,,,,,,,,,,,,,,,,,29,,,,,,,
,,,,,,,,,,,,,,,,,,,,19,,,,,,,
,,,,,,,,,,,,,,,,,,,,28,,,,,,,
,,,,,,,,,,,,,,,,,,,,28,,,,,,,
,,,,,,,,,,,,,,,,,,,,24,,,,,,,
,,,,,,,,,,,,,,,,,,,,24,,,,,,,
,,,,,,,,,,,,,,,,,,,,27,,,,,,,
,,,,,,,,,,,,,,,,,,,,30,,,,,,,
,,,,,,,,,,,,,,,,,,,,27,,,,,,,
,,,,,,,,,,,,,,,,,,,,23,,,,,,,
,,,,,,,,,,,,,,,,,,,,23,,,,,,,
,,,,,,,,,,,,,,,,,,,,23,,,,,,,
,,,,,,,,,,,,,,,,,,,,30,,,,,,,
,,,,,,,,,,,,,,,,,,,,34,,,,,,,
,,,,,,,,,,,,,,,,,,,,29,,,,,,,
,,,,,,,,,,,,,,,,,,,,28,,,,,,,
,,,,,,,,,,,,,,,,,,,,28,,,,,,,
,,,,,,,,,,,,,,,,,,,,30,,,,,,,
,,,,,,,,,,,,,,,,,,,,29,,,,,,,
,,,,,,,,,,,,,,,,,,,,26,,,,,,,
,,,,,,,,,,,,,,,,,,,,32,,,,,,,
,,,,,,,,,,,,,,,,,,,,28,,,,,,,
,,,,,,,,,,,,,,,,,,,,33,,,,,,,
,,,,,,,,,,,,,,,,,,,,28,,,,,,,
,,,,,,,,,,,,,,,,,,,,28,,,,,,,
,,,,,,,,,,,,,,,,,,,,29,,,,,,,
,,,,,,,,,,,,,,,,,,,,22,,,,,,,
,,,,,,,,,,,,,,,,,,,,26,,,,,,,
,,,,,,,,,,,,,,,,,,,,22,,,,,,,
,,,,,,,,,,,,,,,,,,,,32,,,,,,,
,,,,,,,,,,,,,,,,,,,,22,,,,,,,
,,,,,,,,,,,,,,,,,,,,21,,,,,,,
,,,,,,,,,,,,,,,,,,,,26,,,,,,,
,,,,,,,,,,,,,,,,,,,,27,,,,,,,
,,,,,,,,,,,,,,,,,,,,22,,,,,,,
,,,,,,,,,,,,,,,,,,,,28,,,,,,,
,,,,,,,,,,,,,,,,,,,,31,,,,,,,
,,,,,,,,,,,,,,,,,,,,27,,,,,,,
,,,,,,,,,,,,,,,,,,,,30,,,,,,,
,,,,,,,,,,,,,,,,,,,,25,,,,,,,
,,,,,,,,,,,,,,,,,,,,23,,,,,,,
,,,,,,,,,,,,,,,,,,,,28,,,,,,,
,,,,,,,,,,,,,,,,,,,,22,,,,,,,
,,,,,,,,,,,,,,,,,,,,28,,,,,,,
,,,,,,,,,,,,,,,,,,,,27,,,,,,,
,,,,,,,,,,,,,,,,,,,,29,,,,,,,
,,,,,,,,,,,,,,,,,,,,23,,,,,,,
,,,,,,,,,,,,,,,,,,,,27,,,,,,,
,,,,,,,,,,,,,,,,,,,,23,,,,,,,
,,,,,,,,,,,,,,,,,,,,27,,,,,,,
,,,,,,,,,,,,,,,,,,,,23,,,,,,,
,,,,,,,,,,,,,,,,,,,,32,,,,,,,
,,,,,,,,,,,,,,,,,,,,24,,,,,,,
,,,,,,,,,,,,,,,,,,,,33,,,,,,,
,,,,,,,,,,,,,,,,,,,,23,,,,,,,
,,,,,,,,,,,,,,,,,,,,23,,,,,,,
,,,,,,,,,,,,,,,,,,,,25,,,,,,,
,,,,,,,,,,,,,,,,,,,,25,,,,,,,
,,,,,,,,,,,,,,,,,,,,30,,,,,,,
,,,,,,,,,,,,,,,,,,,,24,,,,,,,
,,,,,,,,,,,,,,,,,,,,27,,,,,,,
,,,,,,,,,,,,,,,,,,,,30,,,,,,,
,,,,,,,,,,,,,,,,,,,,24,,,,,,,
,,,,,,,,,,,,,,,,,,,,27,,,,,,,
,,,,,,,,,,,,,,,,,,,,25,,,,,,,
,,,,,,,,,,,,,,,,,,,,33,,,,,,,
,,,,,,,,,,,,,,,,,,,,28,,,,,,,
,,,,,,,,,,,,,,,,,,,,35,,,,,,,
,,,,,,,,,,,,,,,,,,,,21,,,,,,,
,,,,,,,,,,,,,,,,,,,,28,,,,,,,
,,,,,,,,,,,,,,,,,,,,26,,,,,,,
,,,,,,,,,,,,,,,,,,,,27,,,,,,,
,,,,,,,,,,,,,,,,,,,,27,,,,,,,
,,,,,,,,,,,,,,,,,,,,21,,,,,,,
,,,,,,,,,,,,,,,,,,,,31,,,,,,,
,,,,,,,,,,,,,,,,,,,,28,,,,,,,
,,,,,,,,,,,,,,,,,,,,25,,,,,,,
,,,,,,,,,,,,,,,,,,,,23,,,,,,,
,,,,,,,,,,,,,,,,,,,,26,,,,,,,
,,,,,,,,,,,,,,,,,,,,24,,,,,,,
,,,,,,,,,,,,,,,,,,,,23,,,,,,,
,,,,,,,,,,,,,,,,,,,,26,,,,,,,
,,,,,,,,,,,,,,,,,,,,21,,,,,,,
,,,,,,,,,,,,,,,,,,,,33,,,,,,,
,,,,,,,,,,,,,,,,,,,,25,,,,,,,
,,,,,,,,,,,,,,,,,,,,27,,,,,,,
,,,,,,,,,,,,,,,,,,,,27,,,,,,,
,,,,,,,,,,,,,,,,,,,,30,,,,,,,
,,,,,,,,,,,,,,,,,,,,24,,,,,,,
,,,,,,,,,,,,,,,,,,,,24,,,,,,,
,,,,,,,,,,,,,,,,,,,,23,,,,,,,
,,,,,,,,,,,,,,,,,,,,29,,,,,,,
,,,,,,,,,,,,,,,,,,,,24,,,,,,,
,,,,,,,,,,,,,,,,,,,,30,,,,,,,
,,,,,,,,,,,,,,,,,,,,25,,,,,,,
,,,,,,,,,,,,,,,,,,,,24,,,,,,,
,,,,,,,,,,,,,,,,,,,,30,,,,,,,
,,,,,,,,,,,,,,,,,,,,25,,,,,,,