Goalie Name,Goalie Defense Rating,Team Code,Team Name,Last Name,Offense Rating,Defense Rating,Position,First Name,Shot Power,Passing,Aggression,Roughness,Endurance,Checking,Shot Accuracy,Stick Handling,Agility,Speed,Overall Rating,Age,All Star App.,Career GP,Career G,Career A,Career Pts,Career PPG,Career +/-,Career GWG,Career Playoff GP,Career Playoff G,Career Playoff A,Career Playoff Pts,Goalie First Name,Career W,Career L,Career SO,Career Playoff W,Career Playoff SO,Career T,Career SV,Career SA,Career Playoff L,Career Playoff SV,Career Playoff SA,Goalie Career Allstar Games
Hebert,60,ANA,Anaheim Ducks,Yake,79,47,LW,Terry,C,C,D,D,B,C,B,C,C,B,65,26,0,104,24,37,61,0.58,-2,3,6,1,1,2,Guy,13,13,1,0,0,3,913,1023,0,1,1,0
Shtalenkov,53,ANA,Anaheim Ducks,Semenov,56,64,C,Anatoli,C,C,D,F-,B,D,C,C,C,B,64,31,0,191,47,75,122,0.64,45,5,34,7,9,16,Mikhail,0,0,0,0,0,0,0,0,0,0,0,0
Rick Wamsley,38,ANA,Anaheim Ducks,Lebeau,64,49,RW,Stephan,C,C,F,D,B,D,B,C,C,C,64,25,0,279,95,132,227,0.83,59,17,30,9,7,16,,204,131,12,7,0,46,8496,9783,18,391,472,0
,,ANA,Anaheim Ducks,Corkum,58,54,C,Bob,C,D,D,A,C,C,C,C,C,C,56,26,0,96,10,8,18,0.19,-10,2,14,2,0,2,,,,,,,,,,,,,
,,ANA,Anaheim Ducks,Sacco,51,42,RW,Joe,C,D,D,C,C,C,C,C,C,C,59,24,0,60,11,13,24,0.29,-1,1,0,0,0,0,,,,,,,,,,,,,
,,ANA,Anaheim Ducks,Hill,44,45,D,Sean,D,D,B,C,C,D,D,C,C,C,48,23,0,31,2,6,8,0.26,-5,1,8,1,0,1,,,,,,,,,,,,,
,,ANA,Anaheim Ducks,Douris,41,57,RW,Peter,C,D,F,B,D,D,D,D,C,C,49,27,0,169,24,27,51,0.33,7,2,27,3,5,8,,,,,,,,,,,,,
,,ANA,Anaheim Ducks,Sweeney,62,47,LW,Tim,C,D,F,B,C,F,C,C,C,D,52,26,0,67,9,18,27,0.40,2,5,3,0,0,0,,,,,,,,,,,,,
,,ANA,Anaheim Ducks,Dollas,42,67,D,Bobby,C,D,D,D,C,C,D,C,C,D,53,28,0,170,6,14,20,0.12,-7,1,12,1,1,2,,,,,,,,,,,,,
,,ANA,Anaheim Ducks,Valk,45,62,LW,Garry,C,D,C,C,C,C,C,C,D,D,52,26,0,172,24,35,59,0.34,-14,5,16,0,1,1,,,,,,,,,,,,,
,,ANA,Anaheim Ducks,Loney,43,50,LW,Troy,D,F,D,D,C,B,F,C,D,C,50,30,0,532,69,100,169,0.32,-37,9,66,8,14,22,,,,,,,,,,,,,
,,ANA,Anaheim Ducks,King,47,46,RW,Steven,D,D,D,B,C,D,C,C,D,D,49,24,0,24,7,5,12,0.50,4,2,0,0,0,0,,,,,,,,,,,,,
,,ANA,Anaheim Ducks,Ladouceur,34,75,D,Randy,F,F,B,A,B,C,F,C,C,D,46,33,0,742,26,110,136,0.18,-122,4,40,5,8,13,,,,,,,,,,,,,
,,ANA,Anaheim Ducks,Carnback,51,42,C,Patrik,D,D,D,C,D,F-,D,C,D,D,45,25,0,6,0,0,0,0.00,-4,0,0,0,0,0,,,,,,,,,,,,,
,,ANA,Anaheim Ducks,Houlder,42,42,D,Bill,C,D,D,B,C,D,C,C,F,D,48,26,0,111,6,23,29,0.26,14,0,8,0,2,2,,,,,,,,,,,,,
,,ANA,Anaheim Ducks,VanAllen,47,56,C,Shaun,D,D,D,F,C,C,D,C,D,D,48,26,0,23,1,4,5,0.21,-2,0,0,0,0,0,,,,,,,,,,,,,
,,ANA,Anaheim Ducks,Williams,38,39,D,David,D,D,C,B,D,D,D,D,D,D,46,26,0,96,4,36,40,0.00,-40,1,0,0,0,0,,,,,,,,,,,,,
,,ANA,Anaheim Ducks,McSween,42,45,D,Don,C,D,D,D,D,D,D,C,D,F,45,29,0,9,0,1,1,0.11,-2,0,0,0,0,0,,,,,,,,,,,,,
,,ANA,Anaheim Ducks,Ferner,39,40,D,Mark,D,D,D,C,D,D,D,D,D,F,45,28,0,24,0,4,4,0.17,-3,0,0,0,0,0,,,,,,,,,,,,,
,,ANA,Anaheim Ducks,Ewen,41,33,RW,Todd,D,F,A,C,D,C,D,D,F,F,42,27,0,314,23,26,49,0.15,10,3,26,0,0,0,,,,,,,,,,,,,
,,ANA,Anaheim Ducks,Grimson,25,44,LW,Stu,F,F,A,A,D,D,F,F,F,F,36,28,0,171,3,4,7,0.04,-4,0,21,0,1,1,,,,,,,,,,,,,
Casey,69,BOS,Boston Bruins,Bourque,98,81,D,Ray,A ,A,D,B,A+,B,A,A,A ,B,97,33,13,1028,291,806,1097,1.14,461,46,139,31,95,126,Jon,128,126,12,21,2,42,8008,8996,18,1016,1136,1
Riendeau,42,BOS,Boston Bruins,Iafrate,64,65,D,Al,A+,B,B,C,C,B,D,B,B,B,76,27,2,661,129,252,381,0.75,-69,18,52,15,15,30,Vincent,73,49,4,10,1,18,3546,4019,11,484,547,0
,,BOS,Boston Bruins,Smolinski,67,47,C,Bryan,C,C,C,B,C,D,C,B,B,B,70,22,0,9,1,3,4,0.44,3,0,4,1,0,1,,,,,,,,,,,,,
,,BOS,Boston Bruins,Kvartalnov,79,30,LW,Dmitri,C,B,F,D,B,F,B,B,B,B,67,27,0,73,30,42,72,0.99,9,4,4,0,0,0,,,,,,,,,,,,,
,,BOS,Boston Bruins,Oates,99,96,C,Adam,F,A+,F,F-,A,C,B,D,A ,B,84,31,2,551,167,490,657,1.04,21,27,82,26,75,101,,,,,,,,,,,,,
,,BOS,Boston Bruins,Wesley,77,71,D,Glen,B,B,D,B,B,C,D,D,A ,B,70,25,0,456,63,186,249,0.62,39,7,92,12,29,41,,,,,,,,,,,,,
,,BOS,Boston Bruins,Neely,85,77,RW,Cam,A ,B,B,B,A,B,A,D,C,C,76,28,3,586,292,241,533,1.05,60,40,88,55,32,87,,,,,,,,,,,,,
,,BOS,Boston Bruins,Murray,56,46,LW,Glen,C,D,D,B,C,D,B,C,B,C,59,21,0,32,6,5,11,0.34,-4,1,15,4,2,6,,,,,,,,,,,,,
,,BOS,Boston Bruins,Sweeney,53,69,D,Don,C,B,D,F,B,B,F,B,B,C,66,27,0,330,24,61,85,0.26,32,4,59,4,5,9,,,,,,,,,,,,,
,,BOS,Boston Bruins,Donato,62,64,LW,Ted,C,C,D,C,C,D,C,D,C,B,61,24,0,92,16,22,38,0.41,1,5,19,3,5,8,,,,,,,,,,,,,
,,BOS,Boston Bruins,Heinze,52,54,RW,Stephen,C,C,F,B,C,C,C,D,C,B,62,23,0,87,21,17,38,0.44,19,6,11,1,4,5,,,,,,,,,,,,,
,,BOS,Boston Bruins,Marois,42,38,C,Dan,C,D,C,B,D,F,C,C,C,C,49,25,0,325,110,90,200,0.50,-56,8,8,3,2,5,,,,,,,,,,,,,
,,BOS,Boston Bruins,Hughes,40,49,LW,Brent,D,C,B,A,D,C,D,C,C,C,50,27,0,109,10,9,19,0.13,-14,2,11,2,0,2,,,,,,,,,,,,,
,,BOS,Boston Bruins,Leach,60,49,RW,Stephen,B,C,C,B,B,C,C,C,C,D,59,27,0,403,100,108,208,0.52,-19,12,63,11,7,18,,,,,,,,,,,,,
,,BOS,Boston Bruins,Czerkawski,46,41,RW,Mariusz,D,C,D,C,C,F,D,C,C,C,50,21,0,0,0,0,0,0.00,0,0,0,0,0,0,,,,,,,,,,,,,
,,BOS,Boston Bruins,Featherstone,34,38,D,Glen,D,D,A,C,D,B,C,D,C,C,50,25,0,185,11,34,45,0.24,19,1,27,0,2,2,,,,,,,,,,,,,
,,BOS,Boston Bruins,Stanton,41,54,D,Paul,B,B,C,A,C,C,F,F,C,C,48,26,0,206,11,38,49,0.24,10,2,44,2,10,12,,,,,,,,,,,,,
,,BOS,Boston Bruins,Reid,38,62,C,Dave,C,D,F-,D,B,D,B,F,C,C,51,29,0,419,88,102,190,0.45,12,9,25,3,5,8,,,,,,,,,,,,,
,,BOS,Boston Bruins,Shaw,44,73,D,David,D,D,C,A,B,C,D,C,D,D,51,29,0,533,35,117,152,0.27,-16,6,21,2,5,7,,,,,,,,,,,,,
,,BOS,Boston Bruins,Stumpel,38,40,C,Jozef,D,C,F,D,C,F,C,C,D,D,48,21,0,17,2,3,5,0.29,-2,0,0,0,0,0,,,,,,,,,,,,,
,,BOS,Boston Bruins,Roberts,29,58,D,Gordie,F,D,C,F-,C,C,C,F,C,D,45,36,0,1038,60,353,413,0.37,63,5,141,10,46,56,,,,,,,,,,,,,
,,BOS,Boston Bruins,McKim,38,40,LW,Andrew,F,D,F,C,D,F,D,D,D,D,44,23,0,7,1,3,4,0.57,2,0,0,0,0,0,,,,,,,,,,,,,
Hasek,94,BUF,Buffalo Sabres,Mogilny,99,48,RW,Alexander,A+,C,F,B,B,F,B,B,A+,A+,86,24,0,271,160,158,318,1.19,36,20,19,7,12,19,Dominik,24,14,1,1,0,6,1099,1226,2,121,133,0
Fuhr,83,BUF,Buffalo Sabres,Hawerchuk,85,76,C,Dale,C,A,D,F-,B,D,C,A,A+,B,84,30,4,951,449,763,1212,1.27,-124,36,59,25,51,76,Grant,275,174,12,77,3,65,12777,14662,36,2842,3199,6
,,BUF,Buffalo Sabres,LaFontaine,99,67,C,Pat,B,A+,D,D,A+,D,B,A,A ,B,90,28,3,671,386,421,807,1.19,30,47,64,24,34,58,,,,,,,,,,,,,
,,BUF,Buffalo Sabres,Plante,75,59,C,Derek,C,B,F,D,C,D,C,B,B,B,70,22,0,0,0,0,0,0.00,0,0,0,0,0,0,,,,,,,,,,,,,
,,BUF,Buffalo Sabres,Khmylev,63,75,LW,Yuri,B,C,D,C,B,C,B,B,B,C,74,29,0,68,20,19,39,0.57,6,3,8,4,3,7,,,,,,,,,,,,,
,,BUF,Buffalo Sabres,Audette,76,53,RW,Donald,B,C,D,A,C,D,B,C,C,C,64,24,0,115,47,27,74,0.64,-10,7,10,2,2,4,,,,,,,,,,,,,
,,BUF,Buffalo Sabres,Svoboda,38,66,D,Petr,C,C,C,F-,B,C,F-,C,B,B,59,27,0,587,42,220,262,0.45,157,11,79,3,32,35,,,,,,,,,,,,,
,,BUF,Buffalo Sabres,Simpson,75,55,LW,Craig,B,C,D,F,C,D,B,C,C,C,64,26,0,588,235,235,470,0.88,13,27,67,36,32,68,,,,,,,,,,,,,
,,BUF,Buffalo Sabres,Wood,58,74,LW,Randy,D,D,C,B,B,C,C,D,D,A,62,30,0,468,126,114,240,0.51,-49,13,38,6,9,15,,,,,,,,,,,,,
,,BUF,Buffalo Sabres,Presley,49,65,RW,Wayne,C,D,C,B,C,C,C,C,C,C,59,28,0,493,118,126,244,0.49,-69,16,66,21,15,36,,,,,,,,,,,,,
,,BUF,Buffalo Sabres,Boucher,58,43,D,Philippe,C,B,C,D,C,D,D,B,C,C,58,20,0,18,0,4,4,0.22,1,0,0,0,0,0,,,,,,,,,,,,,
,,BUF,Buffalo Sabres,Dawe,60,44,LW,Jason,C,C,F,B,C,D,B,C,C,C,58,20,0,0,0,0,0,0.00,0,0,0,0,0,0,,,,,,,,,,,,,
,,BUF,Buffalo Sabres,Bodger,56,67,D,Doug,D,C,D,F,B,D,F,B,B,C,61,27,0,643,79,311,390,0.61,3,7,30,6,11,17,,,,,,,,,,,,,
,,BUF,Buffalo Sabres,Ray,34,41,RW,Rob,F,F,A,A,F,B,D,D,C,B,48,25,0,224,18,14,32,0.14,-25,1,13,1,1,2,,,,,,,,,,,,,
,,BUF,Buffalo Sabres,Smehlik,49,78,D,Richard,B,C,D,C,C,C,C,C,C,D,60,23,0,80,4,27,31,0.39,9,0,8,0,4,4,,,,,,,,,,,,,
,,BUF,Buffalo Sabres,Sweeney,54,90,C,Bob,C,C,C,D,B,C,B,D,C,D,61,29,0,462,102,138,240,0.52,-6,22,95,15,18,33,,,,,,,,,,,,,
,,BUF,Buffalo Sabres,Hannan,45,48,LW,Dave,D,D,D,F,D,D,C,C,C,D,49,32,0,621,95,152,247,0.40,-70,16,38,5,3,8,,,,,,,,,,,,,
,,BUF,Buffalo Sabres,May,48,42,LW,Brad,C,D,B,A,C,B,C,D,D,D,50,22,0,151,24,19,43,0.28,-9,4,15,2,5,7,,,,,,,,,,,,,
,,BUF,Buffalo Sabres,Sutton,45,71,D,Ken,D,C,D,D,C,F,D,D,C,D,48,24,0,142,13,38,51,0.36,4,2,21,3,4,7,,,,,,,,,,,,,
,,BUF,Buffalo Sabres,Muni,32,91,D,Craig,D,D,C,D,B,B,F,C,D,D,48,31,0,521,24,89,113,0.22,139,3,87,0,15,15,,,,,,,,,,,,,
,,BUF,Buffalo Sabres,Moller,41,35,D,Randy,D,D,B,F,F,C,F,D,C,D,43,30,0,720,43,166,209,0.29,59,7,71,6,14,20,,,,,,,,,,,,,
,,BUF,Buffalo Sabres,Barnaby,43,32,LW,Matthew,D,D,B,C,C,C,D,D,D,D,44,20,0,2,1,0,1,0.00,0,0,1,0,1,1,,,,,,,,,,,,,
Vernon,68,CGY,Calgary Flames,Fleury,64,67,RW,Theoren,B,C,C,C,B,B,B,B,A ,A,82,25,0,358,163,214,377,0.99,89,28,41,14,21,35,Mike,222,138,6,40,3,46,9830,11153,29,1697,1914,4
Kidd,56,CGY,Calgary Flames,Roberts,90,66,LW,Gary,B,B,A,C,A,B,A,B,C,B,84,27,0,469,192,183,375,0.81,172,17,51,11,24,35,Trevor,1,1,0,0,0,0,48,56,0,0,0,0
,,CGY,Calgary Flames,Reichel,79,53,C,Robert,A ,B,D,C,C,D,A,B,B,C,74,22,0,223,79,104,183,0.82,43,11,12,3,5,8,,,,,,,,,,,,,
,,CGY,Calgary Flames,MacInnis,67,71,D,Al,A+,B,C,C,A,C,D,B,B,B,77,35,4,728,185,555,740,0.99,206,17,88,23,71,94,,,,,,,,,,,,,
,,CGY,Calgary Flames,Zalapski,73,49,D,Zarley,C,C,D,C,A,C,D,B,A ,B,74,25,0,363,70,193,263,0.72,-28,8,24,4,14,18,,,,,,,,,,,,,
,,CGY,Calgary Flames,Nieuwendyk,92,48,C,Joe,B,B,D,C,B,C,A,B,B,C,75,27,2,467,257,234,491,1.01,105,32,55,26,23,49,,,,,,,,,,,,,
,,CGY,Calgary Flames,Patrick,52,76,D,James,C,B,D,D,C,C,D,B,A ,B,70,30,2,665,104,360,464,0.71,69,8,63,5,26,31,,,,,,,,,,,,,
,,CGY,Calgary Flames,Nylander,76,49,LW,Michael,C,B,D,F,C,D,D,B,B,B,68,21,0,59,11,22,33,0.56,-7,1,0,0,0,0,,,,,,,,,,,,,
,,CGY,Calgary Flames,Titov,56,53,RW,German,C,C,D,A,C,C,B,C,C,C,61,28,0,0,0,0,0,0.00,0,0,0,0,0,0,,,,,,,,,,,,,
,,CGY,Calgary Flames,Otto,43,88,C,Joel,C,D,A,D,B,A,B,C,C,D,61,32,0,602,148,236,384,0.64,54,20,77,23,34,57,,,,,,,,,,,,,
,,CGY,Calgary Flames,Petit,46,54,D,Michel,B,D,C,D,C,B,F,C,C,C,54,29,0,600,73,188,261,0.43,-155,9,5,0,2,2,,,,,,,,,,,,,
,,CGY,Calgary Flames,Kisio,54,80,C,Kelly,C,C,C,F,B,B,C,C,C,D,62,34,0,698,215,402,617,0.89,4,15,25,3,11,14,,,,,,,,,,,,,
,,CGY,Calgary Flames,Musil,37,63,D,Frank,D,D,C,C,C,C,F,D,C,B,51,29,0,496,31,78,109,0.22,54,4,22,2,2,4,,,,,,,,,,,,,
,,CGY,Calgary Flames,Yawney,41,70,D,Trent,D,C,D,D,C,D,D,C,C,C,50,28,0,325,20,80,100,0.31,0,1,47,9,17,26,,,,,,,,,,,,,
,,CGY,Calgary Flames,Walz,51,57,RW,Wes,D,C,F,F,C,F,C,C,D,C,53,23,0,75,10,12,22,0.29,-17,2,2,0,0,0,,,,,,,,,,,,,
,,CGY,Calgary Flames,Dahlquist,35,60,D,Chris,D,D,C,C,C,C,F,C,C,D,48,31,0,385,16,52,68,0.18,-19,1,38,4,7,11,,,,,,,,,,,,,
,,CGY,Calgary Flames,Dahl,31,63,D,Kevin,F,C,D,F,C,C,F,C,C,D,48,25,0,61,2,9,11,0.18,9,0,6,0,2,2,,,,,,,,,,,,,
,,CGY,Calgary Flames,Keczmer,38,53,D,Dan,F,F,C,A,D,D,D,C,D,D,44,25,0,33,4,5,9,0.27,-4,1,0,0,0,0,,,,,,,,,,,,,
,,CGY,Calgary Flames,Kruse,42,43,LW,Paul,D,D,B,B,C,C,D,D,D,D,46,23,0,44,5,4,9,0.20,2,0,0,0,0,0,,,,,,,,,,,,,
,,CGY,Calgary Flames,Stern,43,37,RW,Ronnie,D,D,A,C,D,C,D,D,D,D,46,26,0,252,29,33,62,0.25,-40,2,16,1,4,5,,,,,,,,,,,,,
,,CGY,Calgary Flames,Schlegel,33,42,D,Brad,D,D,D,B,C,D,F,D,D,D,42,25,0,22,0,2,2,0.09,-3,0,7,0,1,1,,,,,,,,,,,,,
,,CGY,Calgary Flames,McCarthy,38,46,RW,Sandy,D,D,A,B,C,C,D,D,F,F,44,21,0,0,0,0,0,0.00,0,0,0,0,0,0,,,,,,,,,,,,,
Belfour,99,CHI,Chicago Blackhawks,Roenick,89,73,C,Jeremy,A ,A,C,D,A,C,A,A,A ,A,91,23,3,341,179,209,388,1.27,82,30,58,28,27,55,Ed,109,67,16,18,1,31,5056,5609,14,789,878,2
Hacket,34,CHI,Chicago Blackhawks,Suter,70,74,D,Gary,B,B,B,D,A,B,D,B,A ,B,79,29,1,592,124,427,551,0.74,96,12,49,6,33,39,Jeff,22,82,0,0,0,3,3202,3656,0,0,0,0
,,CHI,Chicago Blackhawks,Chelios,80,99,D,Chris,A ,B,A,D,A+,B,D,B,B,B,83,31,7,643,108,394,502,0.80,135,20,126,23,76,99,,,,,,,,,,,,,
,,CHI,Chicago Blackhawks,Murphy,63,55,RW,Joe,B,B,C,C,B,C,C,C,B,A,74,26,0,331,90,128,218,0.66,10,10,65,16,30,46,,,,,,,,,,,,,
,,CHI,Chicago Blackhawks,Amonte,79,48,RW,Tony,B,C,D,A,B,F,C,C,B,A,71,23,0,162,68,77,145,0.95,12,8,15,3,8,11,,,,,,,,,,,,,
,,CHI,Chicago Blackhawks,Ysebaert,48,74,LW,Paul,C,B,D,C,C,D,C,C,B,B,65,27,0,231,89,95,184,0.80,58,12,19,4,3,7,,,,,,,,,,,,,
,,CHI,Chicago Blackhawks,Ruuttu,49,64,C,Christian,C,B,C,D,B,B,D,C,B,B,70,29,0,522,118,267,385,0.74,29,16,27,3,8,11,,,,,,,,,,,,,
,,CHI,Chicago Blackhawks,Smith,57,64,D,Steve,C,B,B,D,A,B,D,C,B,B,68,30,0,539,65,240,305,0.57,139,9,109,11,40,51,,,,,,,,,,,,,
,,CHI,Chicago Blackhawks,Graham,58,86,RW,Dirk,B,C,B,A,B,B,D,C,B,C,67,34,1,665,200,243,443,0.66,-13,27,68,15,23,38,,,,,,,,,,,,,
,,CHI,Chicago Blackhawks,Goulet,61,55,LW,Michel,B,C,D,C,C,D,B,C,B,C,59,33,2,1033,532,590,1122,1.23,96,58,92,39,39,78,,,,,,,,,,,,,
,,CHI,Chicago Blackhawks,Weinrich,49,55,D,Eric,C,C,D,F,B,C,D,C,C,B,61,27,0,252,20,95,115,0.46,9,3,20,2,7,9,,,,,,,,,,,,,
,,CHI,Chicago Blackhawks,Sutter,55,83,C,Brent,C,C,B,F,A,B,C,B,C,D,65,31,1,820,325,389,714,0.86,126,42,110,28,41,69,,,,,,,,,,,,,
,,CHI,Chicago Blackhawks,Poulin,59,43,LW,Patrick,C,C,D,D,A,C,C,C,C,C,60,20,0,82,20,31,51,0.62,-20,2,7,2,1,3,,,,,,,,,,,,,
,,CHI,Chicago Blackhawks,Cunneyworth,41,57,LW,Randy,C,C,C,A,C,C,D,C,D,C,53,32,0,497,138,153,291,0.59,-9,19,23,6,5,11,,,,,,,,,,,,,
,,CHI,Chicago Blackhawks,Dubinsky,39,47,C,Steve,C,D,F,D,C,F,D,C,C,C,49,23,0,0,0,0,0,0.00,0,0,0,0,0,0,,,,,,,,,,,,,
,,CHI,Chicago Blackhawks,Wilkinson,35,54,D,Neil,D,C,C,B,B,C,F-,C,C,C,47,26,0,205,7,36,43,0.21,-67,0,29,3,5,8,,,,,,,,,,,,,
,,CHI,Chicago Blackhawks,Russell,34,53,D,Cam,D,D,A,A,C,C,F,D,C,C,47,24,0,108,2,5,7,0.06,-5,0,18,0,2,2,,,,,,,,,,,,,
,,CHI,Chicago Blackhawks,Carney,45,34,D,Keith,D,D,B,B,F,C,D,C,D,C,48,23,0,44,3,6,9,0.20,0,1,15,0,6,6,,,,,,,,,,,,,
,,CHI,Chicago Blackhawks,Sutter,43,71,RW,Rich,F,D,B,B,B,D,D,D,C,C,49,30,0,754,137,149,286,0.38,22,18,68,13,5,18,,,,,,,,,,,,,
,,CHI,Chicago Blackhawks,Shantz,47,34,C,Jeff,D,C,D,D,C,D,D,C,D,C,49,20,0,0,0,0,0,0.00,0,0,0,0,0,0,,,,,,,,,,,,,
,,CHI,Chicago Blackhawks,Kimble,44,32,RW,Darin,F,F,A,C,F,C,B,F,F,F,40,25,0,232,19,18,37,0.16,-27,2,22,0,0,0,,,,,,,,,,,,,
,,CHI,Chicago Blackhawks,Smyth,34,30,D,Greg,F-,F-,A,B,F,F,F,F,F,F,33,27,0,144,3,12,15,0.10,-22,0,6,0,0,0,,,,,,,,,,,,,
Moog,67,MIN,Minnesota North Stars,Modano,99,77,C,Mike,A ,B,D,C,A,D,B,A,A ,A,91,23,1,317,123,186,309,1.01,-21,19,39,12,15,27,Andy,279,128,17,59,3,57,11705,13254,41,1682,1986,3
Wakaluk,59,MIN,Minnesota North Stars,Courtnall,70,49,RW,Russ,B,B,D,C,B,D,C,B,A ,A+,77,28,0,643,208,284,492,0.87,-24,23,84,30,21,51,Darcy,28,39,2,0,0,9,1808,2059,1,20,22,0
,,MIN,Minnesota North Stars,Gagner,80,57,C,Dave,C,B,B,B,B,D,B,B,B,B,73,29,0,520,198,233,431,0.83,-26,19,37,16,22,38,,,,,,,,,,,,,
,,MIN,Minnesota North Stars,Eklund,69,58,C,Pelle,C,B,F,F-,B,D,C,B,A ,C,69,30,0,541,117,318,435,0.86,10,16,57,10,33,43,,,,,,,,,,,,,
,,MIN,Minnesota North Stars,Broten,62,83,C,Neal,C,B,F,D,B,D,D,C,C,B,64,34,1,876,249,547,796,0.91,14,27,104,26,49,75,,,,,,,,,,,,,
,,MIN,Minnesota North Stars,Gilchrist,49,39,LW,Brent,C,C,D,A,D,C,C,C,B,C,58,26,0,304,56,78,134,0.44,26,6,41,10,8,18,,,,,,,,,,,,,
,,MIN,Minnesota North Stars,McPhee,51,74,LW,Mike,C,D,D,B,B,B,C,C,B,C,66,33,0,665,180,184,364,0.52,91,20,125,26,26,52,,,,,,,,,,,,,
,,MIN,Minnesota North Stars,Tinordi,52,76,D,Mark,B,D,A,C,B,A,C,C,C,C,67,27,0,338,30,90,120,0.18,-27,4,42,6,9,15,,,,,,,,,,,,,
,,MIN,Minnesota North Stars,Craig,48,44,RW,Mike,C,D,C,C,C,C,C,C,C,C,57,22,0,176,38,43,81,0.55,-34,6,14,2,1,3,,,,,,,,,,,,,
,,MIN,Minnesota North Stars,Zmolek,41,52,D,Doug,D,C,A,D,C,C,F,C,B,C,54,23,0,84,5,10,15,0.18,-50,0,0,0,0,0,,,,,,,,,,,,,
,,MIN,Minnesota North Stars,Cavallini,42,71,D,Paul,C,C,D,A,C,C,D,C,C,C,58,28,0,438,44,133,177,0.53,98,3,55,7,17,24,,,,,,,,,,,,,
,,MIN,Minnesota North Stars,Klatt,53,43,RW,Trent,D,D,F,C,C,F,C,C,C,C,51,22,0,48,4,19,23,0.48,2,0,6,0,0,0,,,,,,,,,,,,,
,,MIN,Minnesota North Stars,Ledyard,58,59,D,Grant,F,C,D,D,D,C,F-,C,B,C,52,32,0,533,57,154,211,0.48,-61,9,41,5,7,12,,,,,,,,,,,,,
,,MIN,Minnesota North Stars,Matvichuk,31,58,D,Richard,C,D,D,A,C,C,F,D,C,C,47,20,0,53,2,3,5,0.09,-8,0,0,0,0,0,,,,,,,,,,,,,
,,MIN,Minnesota North Stars,Hatcher,41,72,D,Derian,D,D,B,D,B,B,D,C,C,D,54,21,0,110,12,19,31,0.34,-20,3,5,0,2,2,,,,,,,,,,,,,
,,MIN,Minnesota North Stars,Evason,39,47,C,Dean,D,C,C,F,C,D,C,C,D,D,49,29,0,609,113,186,299,0.64,-77,11,38,8,15,23,,,,,,,,,,,,,
,,MIN,Minnesota North Stars,May,43,50,RW,Alan,C,D,A,B,C,C,F,D,C,D,48,28,0,308,24,35,59,0.19,-18,5,39,1,2,3,,,,,,,,,,,,,
,,MIN,Minnesota North Stars,Barr,35,54,RW,Dave,D,D,D,D,C,C,D,C,D,D,47,33,0,594,126,199,325,0.55,90,14,68,12,9,21,,,,,,,,,,,,,
,,MIN,Minnesota North Stars,Broten,38,74,LW,Paul,F,F,B,C,C,D,D,C,D,D,48,28,0,194,27,33,60,0.31,11,1,24,2,3,5,,,,,,,,,,,,,
,,MIN,Minnesota North Stars,Needham,38,45,RW,Mike,D,D,F,B,D,D,C,D,D,D,46,23,0,56,8,5,13,0.23,-1,2,14,2,0,2,,,,,,,,,,,,,
,,MIN,Minnesota North Stars,Churla,44,46,RW,Shane,F,D,A,F,D,B,D,D,D,D,46,28,0,292,15,28,43,0.15,-26,2,38,2,2,4,,,,,,,,,,,,,
,,MIN,Minnesota North Stars,Ludwig,36,70,D,Craig,D,D,B,C,C,C,F-,D,D,D,46,32,0,823,30,138,168,0.20,60,2,117,3,13,16,,,,,,,,,,,,,
Osgood,77,DET,Detroit Red Wings,Fedorov,99,92,C,Sergei,B,A,C,D,A,D,A,A,A+,A+,99,24,1,230,97,155,252,1.18,70,13,25,9,16,25,Chris,0,0,0,0,0,0,0,0,0,0,0,0
Essesna,56,DET,Detroit Red Wings,Yzerman,88,70,C,Steve,C,A,F,F,A+,F,B,A,A+,A,93,28,9,757,445,595,1040,1.43,39,50,57,26,36,62,Bob,97,84,13,4,0,26,5903,6584,5,265,300,0
,,DET,Detroit Red Wings,Coffey,72,47,D,Paul,B,A+,C,F,A,D,D,A,A+,A,83,32,12,953,330,871,1201,1.26,234,30,130,46,101,147,,,,,,,,,,,,,
,,DET,Detroit Red Wings,Ciccarelli,88,38,LW,Dino,A ,C,B,C,B,D,A,C,A ,C,73,33,6,907,485,472,957,1.10,-10,53,101,53,39,92,,,,,,,,,,,,,
,,DET,Detroit Red Wings,Kozlov,64,41,LW,Vachslav,B,C,D,A,C,F,B,B,B,C,63,21,0,24,4,3,7,0.29,-3,0,4,0,2,2,,,,,,,,,,,,,
,,DET,Detroit Red Wings,Konstantinov,41,73,D,Vladimir,C,C,A,D,B,B,F,C,B,B,63,26,0,161,13,43,56,0.50,47,2,18,0,2,2,,,,,,,,,,,,,
,,DET,Detroit Red Wings,Kennedy,45,43,RW,Sheldon,D,D,F,A,D,F,C,D,C,A,50,24,0,122,25,26,51,0.42,-4,4,7,1,1,2,,,,,,,,,,,,,
,,DET,Detroit Red Wings,Lidstrom,58,78,D,Nicklas,B,B,F,D,B,D,F,C,B,C,61,23,0,164,18,83,101,0.66,43,3,18,2,2,4,,,,,,,,,,,,,
,,DET,Detroit Red Wings,Draper,45,78,C,Kris,D,C,D,D,B,D,D,C,C,B,57,22,0,20,3,0,3,0.15,-6,0,2,0,0,0,,,,,,,,,,,,,
,,DET,Detroit Red Wings,Chiasson,69,72,D,Steve,B,C,B,D,B,C,D,C,C,C,67,26,0,389,54,167,221,0.61,22,6,39,10,11,21,,,,,,,,,,,,,
,,DET,Detroit Red Wings,Probert,40,33,LW,Bob,C,C,A+,D,B,B,D,D,B,C,54,28,0,408,107,135,242,0.64,-11,13,56,13,28,41,,,,,,,,,,,,,
,,DET,Detroit Red Wings,Johnson,49,47,C,Greg,D,D,D,C,C,D,D,C,C,C,49,22,0,0,0,0,0,0.00,0,0,0,0,0,0,,,,,,,,,,,,,
,,DET,Detroit Red Wings,Primeau,60,56,C,Keith,C,C,B,D,C,C,A,C,D,D,62,22,0,166,24,39,63,0.56,-9,3,23,1,3,4,,,,,,,,,,,,,
,,DET,Detroit Red Wings,Sheppard,86,29,RW,Ray,C,D,F,B,C,F,A,C,D,D,54,27,0,362,156,133,289,0.88,12,20,25,9,7,16,,,,,,,,,,,,,
,,DET,Detroit Red Wings,Sillinger,42,44,C,Mike,D,D,F,F-,B,D,D,C,C,C,50,22,0,54,4,18,22,0.41,-2,0,11,2,3,5,,,,,,,,,,,,,
,,DET,Detroit Red Wings,Howe,40,65,D,Mark,C,C,F,F-,C,D,F,C,C,D,53,38,7,867,192,520,712,0.99,387,23,92,10,50,60,,,,,,,,,,,,,
,,DET,Detroit Red Wings,Burr,45,69,LW,Shawn,D,D,B,F,C,C,D,C,D,D,51,27,0,566,132,194,326,0.52,83,17,56,14,15,29,,,,,,,,,,,,,
,,DET,Detroit Red Wings,Aivazoff,40,43,RW,Micah,D,D,F,D,C,D,C,C,D,D,48,24,0,0,0,0,0,0.00,0,0,0,0,0,0,,,,,,,,,,,,,
,,DET,Detroit Red Wings,McCarty,43,61,RW,Darren,D,D,A+,C,B,B,D,D,D,D,51,21,0,0,0,0,0,0.00,0,0,0,0,0,0,,,,,,,,,,,,,
,,DET,Detroit Red Wings,Bautin,33,50,D,Sergei,C,D,F,D,D,F,F,D,C,D,43,26,0,71,5,18,23,0.32,-2,0,6,0,0,0,,,,,,,,,,,,,
,,DET,Detroit Red Wings,Halkidis,33,56,D,Bob,D,D,B,D,C,C,D,D,F,D,44,27,0,189,6,24,30,0.16,8,0,19,0,1,1,,,,,,,,,,,,,
,,DET,Detroit Red Wings,Carkner,31,49,D,Terry,D,D,B,F-,C,C,F,D,F,D,43,27,0,491,34,140,174,0.35,-34,4,20,1,5,6,,,,,,,,,,,,,
Ranford,69,EDM,Edmonton Oilers ,Kravchuk,49,70,D,Igor,B,C,D,C,B,C,D,B,A ,C,68,27,0,73,11,25,36,0.49,0,1,18,2,6,8,Bill,132,136,7,25,3,34,8271,9324,20,1200,1333,1
Brathwaite,42,EDM,Edmonton Oilers ,Arnott,80,65,C,Jason,B,B,C,C,C,C,B,B,C,C,72,19,0,0,0,0,0,0.00,0,0,0,0,0,0,Fred,0,0,0,0,0,0,0,0,0,0,0,0
,,EDM,Edmonton Oilers ,Marchant,43,39,C,Todd,C,C,D,D,C,F-,C,C,B,B,54,20,0,0,0,0,0,0.00,0,0,0,0,0,0,,,,,,,,,,,,,
,,EDM,Edmonton Oilers ,Grieve,46,44,LW,Brent,C,D,D,C,C,C,B,C,C,B,59,24,0,0,0,0,0,0.00,0,0,0,0,0,0,,,,,,,,,,,,,
,,EDM,Edmonton Oilers ,Olausson,65,53,D,Fredrik,B,B,F,F,C,F,D,B,B,C,61,27,0,478,84,244,328,0.67,-52,10,35,4,13,17,,,,,,,,,,,,,
,,EDM,Edmonton Oilers ,Weight,74,50,C,Doug,C,B,C,D,C,C,C,B,C,C,68,22,0,131,25,53,78,0.62,-1,3,8,2,2,4,,,,,,,,,,,,,
,,EDM,Edmonton Oilers ,Corson,64,79,LW,Shayne,B,C,B,C,B,B,C,C,C,C,65,27,0,500,137,197,334,0.67,66,19,75,24,29,53,,,,,,,,,,,,,
,,EDM,Edmonton Oilers ,McAmmond,47,65,LW,Dean,C,D,F,D,C,D,D,C,C,B,55,20,0,5,0,2,2,0.40,-2,0,3,0,0,0,,,,,,,,,,,,,
,,EDM,Edmonton Oilers ,Ciger,63,49,LW,Zdeno,B,C,F-,D,C,D,B,C,C,C,61,24,0,129,27,45,72,0.56,-12,3,13,2,6,8,,,,,,,,,,,,,
,,EDM,Edmonton Oilers ,Mironov,45,42,D,Boris,C,D,C,C,D,C,F,C,B,C,50,21,0,0,0,0,0,0.00,0,0,0,0,0,0,,,,,,,,,,,,,
,,EDM,Edmonton Oilers ,Beers,42,55,D,Bob,C,D,C,C,C,C,D,C,C,C,54,26,0,114,12,31,43,0.37,-44,0,21,1,1,2,,,,,,,,,,,,,
,,EDM,Edmonton Oilers ,Stapleton,39,43,C,Mike,D,C,F-,A,D,D,D,C,C,C,48,27,0,203,13,30,43,0.22,-28,2,8,0,0,0,,,,,,,,,,,,,
,,EDM,Edmonton Oilers ,Buchberger,38,53,RW,Kelly,D,F,B,D,C,B,D,C,C,C,54,27,0,366,43,58,101,0.28,-47,11,50,3,10,13,,,,,,,,,,,,,
,,EDM,Edmonton Oilers ,Richardson,35,49,D,Luke,D,C,B,B,D,B,F-,C,C,C,49,24,0,435,16,65,81,0.19,-96,0,23,0,5,5,,,,,,,,,,,,,
,,EDM,Edmonton Oilers ,Thornton,30,59,LW,Scott,D,D,C,D,C,D,D,D,C,C,47,22,0,57,1,5,6,0.11,-25,0,1,0,0,0,,,,,,,,,,,,,
,,EDM,Edmonton Oilers ,Maltby,43,53,LW,Kirk,D,D,C,C,B,C,D,C,C,D,51,21,0,0,0,0,0,0.00,0,0,0,0,0,0,,,,,,,,,,,,,
,,EDM,Edmonton Oilers ,Pearson,29,41,LW,Scott,D,D,C,F,C,C,D,D,C,C,47,24,0,148,30,18,48,0.32,-18,2,5,2,0,2,,,,,,,,,,,,,
,,EDM,Edmonton Oilers ,Byakin,47,46,D,Ilya,D,B,F-,D,D,F-,C,C,C,D,49,30,0,0,0,0,0,0.00,0,0,0,0,0,0,,,,,,,,,,,,,
,,EDM,Edmonton Oilers ,Podein,57,39,LW,Shjon,D,F,D,A,D,D,B,D,D,D,48,25,0,40,13,6,19,0.47,-2,1,0,0,0,0,,,,,,,,,,,,,
,,EDM,Edmonton Oilers ,Rice,48,39,RW,Steven,D,D,C,D,D,D,D,D,D,D,46,22,0,42,3,6,9,0.21,-4,0,2,2,1,3,,,,,,,,,,,,,
,,EDM,Edmonton Oilers ,DeBrusk,45,38,LW,Louie,D,F,A,A,F,C,C,D,F,F,41,22,0,76,10,3,13,0.17,-12,2,0,0,0,0,,,,,,,,,,,,,
,,EDM,Edmonton Oilers ,Bennett,37,40,D,Adam,F,F,D,C,F,D,F-,D,D,D,39,22,0,21,0,2,2,0.10,-1,0,0,0,0,0,,,,,,,,,,,,,
Vanbiesbrouck,84,FLA,Florida Panthers,Niedermayer,46,41,C,Rob,C,D,D,B,C,C,C,C,B,A,62,19,0,449,0,0,0,0.00,0,0,38,0,0,0,John,200,177,16,13,2,47,11705,13163,20,903,1008,0
Fitzpatrick,43,FLA,Florida Panthers,Murphy,60,49,D,Gord,B,C,C,C,C,C,D,C,A ,B,63,26,0,352,39,115,154,0.44,-32,6,34,3,7,10,Mark,57,60,3,0,0,20,3942,4426,3,77,94,0
Daniel Berthiaume,42,FLA,Florida Panthers,Belanger,74,59,C,Jesse,C,B,F,D,C,D,B,B,C,B,68,24,0,23,4,2,6,0.26,0,0,9,0,1,1,,81,90,5,5,0,21,5135,5847,9,357,407,0
,,FLA,Florida Panthers,Lomakin,50,58,LW,Andrei,C,B,D,D,C,F,C,B,B,C,61,29,0,108,22,28,50,0.46,9,0,0,0,0,0,,,,,,,,,,,,,
,,FLA,Florida Panthers,Skrudland,43,82,C,Brian,D,C,B,C,B,B,C,C,B,C,66,30,0,491,80,143,223,0.45,90,13,107,14,40,54,,,,,,,,,,,,,
,,FLA,Florida Panthers,Barnes,73,57,C,Stu,C,C,F,B,C,D,C,B,D,C,62,23,0,84,20,19,39,0.46,-5,3,6,1,3,4,,,,,,,,,,,,,
,,FLA,Florida Panthers,Kudelski,64,62,RW,Bob,B,C,D,B,C,D,B,C,D,C,62,29,0,317,93,68,161,0.51,-53,11,22,4,4,8,,,,,,,,,,,,,
,,FLA,Florida Panthers,Andersson,48,41,D,Peter,D,B,D,C,C,D,D,B,C,C,56,28,0,31,4,11,15,0.48,4,1,0,0,0,0,,,,,,,,,,,,,
,,FLA,Florida Panthers,Smith,32,62,D,Geoff,F,C,F,D,C,D,F,B,B,C,52,24,0,285,11,53,64,0.22,10,0,12,0,1,1,,,,,,,,,,,,,
,,FLA,Florida Panthers,Fitzgerald,41,54,RW,Tom,C,D,D,D,C,C,C,C,D,C,54,25,0,205,25,44,69,0.34,-16,7,22,3,5,8,,,,,,,,,,,,,
,,FLA,Florida Panthers,Lowry,48,56,LW,Dave,D,D,B,B,C,C,D,C,D,C,54,28,0,476,72,72,144,0.30,-54,9,55,5,11,16,,,,,,,,,,,,,
,,FLA,Florida Panthers,Hough,42,59,RW,Mike,C,C,C,D,C,C,D,C,C,D,50,30,0,363,68,97,165,0.45,-66,8,17,0,4,4,,,,,,,,,,,,,
,,FLA,Florida Panthers,Benning,55,40,D,Brian,C,C,B,D,B,D,D,C,C,D,52,27,0,471,56,202,258,0.55,-28,8,48,3,20,23,,,,,,,,,,,,,
,,FLA,Florida Panthers,Foligno,46,59,RW,Mike,D,D,C,B,C,B,C,D,D,D,49,34,0,975,351,367,718,0.89,94,51,57,15,17,32,,,,,,,,,,,,,
,,FLA,Florida Panthers,Severyn,34,54,D,Brent,C,D,A,C,C,B,D,D,D,D,47,27,0,35,0,2,2,0.06,-19,0,0,0,0,0,,,,,,,,,,,,,
,,FLA,Florida Panthers,Mellanby,48,58,RW,Scott,C,D,B,C,C,B,B,C,F,F,52,27,0,504,121,158,279,0.59,-8,20,66,11,12,23,,,,,,,,,,,,,
,,FLA,Florida Panthers,Cirella,33,47,D,Joe,C,D,C,C,C,C,D,D,D,D,45,30,0,739,63,201,264,0.36,-199,4,38,0,13,13,,,,,,,,,,,,,
,,FLA,Florida Panthers,Daniels,36,45,LW,Jeff,D,D,F,B,D,D,C,D,D,D,44,25,0,71,5,6,11,0.15,-5,1,12,3,2,5,,,,,,,,,,,,,
,,FLA,Florida Panthers,Brown,43,56,D,Keith,D,C,C,B,C,C,F,D,D,D,47,33,0,812,64,266,330,0.46,52,5,103,4,32,36,,,,,,,,,,,,,
,,FLA,Florida Panthers,Hull,43,59,RW,Jody,D,D,F,C,C,C,D,D,D,D,47,24,0,217,41,57,98,0.45,-26,2,6,0,1,1,,,,,,,,,,,,,
,,FLA,Florida Panthers,Laus,25,44,D,Paul,D,D,A,C,C,B,F,F,C,D,43,23,0,0,0,0,0,0.00,0,0,0,0,0,0,,,,,,,,,,,,,
,,FLA,Florida Panthers,Lindsay,45,57,LW,Bill,D,D,D,C,D,D,F,D,F,D,42,22,0,67,6,13,19,0.28,-6,1,0,0,0,0,,,,,,,,,,,,,
Burke,62,HFD,Hartford Whalers,Sanderson,64,51,LW,Geoff,B,C,F,C,B,D,B,C,B,A,73,21,0,148,60,61,121,0.81,-18,5,10,1,0,1,Sean,78,93,4,9,1,26,5200,5936,10,507,572,1
Reese,54,HFD,Hartford Whalers,Verbeek,71,54,RW,Pat,B,B,B,B,B,C,B,B,C,B,74,29,2,783,318,313,631,0.96,-103,36,40,9,14,23,Jeff,36,38,3,2,0,12,2511,2868,4,118,141,0
Pietrangelo,33,HFD,Hartford Whalers,Turcotte,74,57,C,Darren,B,C,F,C,B,D,D,B,B,B,67,25,0,312,120,129,249,0.87,6,16,25,6,8,14,Frank,41,48,1,7,1,5,2941,3372,5,358,392,0
,,HFD,Hartford Whalers,Ranheim,61,47,LW,Paul,C,C,F,B,C,F,D,C,B,A,61,27,0,287,84,86,170,0.59,56,10,19,3,6,9,,,,,,,,,,,,,
,,HFD,Hartford Whalers,Lemieux,49,54,RW,Jocelyn,B,F,B,C,C,C,D,C,B,B,62,26,0,376,47,60,107,0.29,-10,8,54,5,10,15,,,,,,,,,,,,,
,,HFD,Hartford Whalers,Drury,42,52,C,Ted,D,C,D,D,C,C,D,B,B,B,60,22,0,0,0,0,0,0.00,0,0,0,0,0,0,,,,,,,,,,,,,
,,HFD,Hartford Whalers,Kron,59,66,C,Robert,D,C,F-,C,C,D,C,B,C,B,65,24,0,157,28,35,63,0.40,-15,2,11,1,2,3,,,,,,,,,,,,,
,,HFD,Hartford Whalers,Chibirev,62,40,C,Igor,C,C,F,D,C,F,C,C,C,B,57,19,0,0,0,0,0,0.00,0,0,0,0,0,0,,,,,,,,,,,,,
,,HFD,Hartford Whalers,Burt,44,49,D,Adam,B,C,B,C,B,B,F,C,B,C,56,22,0,241,21,44,65,0.27,-29,2,4,0,0,0,,,,,,,,,,,,,
,,HFD,Hartford Whalers,Pronger,53,65,D,Chris,D,C,B,C,C,C,D,B,C,C,60,25,0,0,0,0,0,0.00,0,0,0,0,0,0,,,,,,,,,,,,,
,,HFD,Hartford Whalers,Storm,47,62,LW,Jim,D,C,D,C,B,C,D,C,C,C,54,23,0,0,0,0,0,0.00,0,0,0,0,0,0,,,,,,,,,,,,,
,,HFD,Hartford Whalers,Kucera,40,65,D,Frantisek,C,D,D,B,C,D,F,C,C,C,52,24,0,172,10,36,46,0.27,13,2,6,0,0,0,,,,,,,,,,,,,
,,HFD,Hartford Whalers,Crowley,43,59,D,Ted,D,D,D,C,C,D,D,C,C,C,50,34,0,0,0,0,0,0.00,0,0,0,0,0,0,,,,,,,,,,,,,
,,HFD,Hartford Whalers,Cassels,75,74,C,Andrew,D,B,D,F,B,D,C,D,C,C,61,25,0,211,40,113,153,0.73,-5,8,15,2,6,8,,,,,,,,,,,,,
,,HFD,Hartford Whalers,Propp,44,54,LW,Brian,C,C,F-,A,D,C,D,D,C,C,50,20,5,951,413,562,975,1.23,307,57,160,64,84,148,,,,,,,,,,,,,
,,HFD,Hartford Whalers,Janssens,39,72,C,Mark,C,D,B,F,B,B,C,C,C,D,58,23,0,236,26,32,58,0.25,-48,2,15,5,1,6,,,,,,,,,,,,,
,,HFD,Hartford Whalers,Smyth,44,48,LW,Kevin,D,D,B,D,B,C,C,D,C,C,50,24,0,0,0,0,0,0.00,0,0,0,0,0,0,,,,,,,,,,,,,
,,HFD,Hartford Whalers,Godynyuk,44,55,D,Alexander,D,F,D,A,C,C,D,C,D,C,49,34,0,82,6,14,20,0.24,-11,1,0,0,0,0,,,,,,,,,,,,,
,,HFD,Hartford Whalers,Marchment,41,65,D,Bryan,D,F,A,D,C,B,F,D,C,C,52,27,0,173,12,29,41,0.24,6,1,20,1,0,1,,,,,,,,,,,,,
,,HFD,Hartford Whalers,McCrimmon,30,75,D,Brad,D,C,C,F,C,B,F-,D,C,D,46,27,0,1029,76,305,381,0.43,427,15,116,11,18,29,,,,,,,,,,,,,
,,HFD,Hartford Whalers,Sandlak,46,58,RW,Jim,C,D,B,C,C,D,D,D,F,D,46,32,0,476,100,115,215,0.45,-20,14,28,7,10,17,,,,,,,,,,,,,
Hrudey,65,LAK,Los Angeles Kings,Robitaille,87,53,LW,Luc,A ,B,C,B,A,D,A+,B,B,B,82,29,5,557,348,369,717,1.34,28,39,73,34,41,75,Kelly,208,166,15,36,0,59,12401,13933,46,2319,2601,0
Stauber,61,LAK,Los Angeles Kings,Gretzky,99,73,C,Wayne,C,A+,F-,F,A+,F,B,A,A+,B,91,21,18,1044,765,1563,2328,1.89,598,78,180,110,236,346,Robb,15,9,0,3,0,4,908,1030,1,141,157,0
Tom Draper,44,LAK,Los Angeles Kings,Granato,67,70,RW,Tony,C,C,A,C,C,C,B,B,B,A,78,24,0,363,154,159,313,0.74,41,20,56,14,25,39,,18,20,1,3,1,5,1121,1275,4,182,201,0
,,LAK,Los Angeles Kings,Zhitnik,56,54,D,Alexei,C,B,C,F,B,C,D,B,A ,B,70,33,0,78,12,36,48,0.62,-3,2,24,3,9,12,,,,,,,,,,,,,
,,LAK,Los Angeles Kings,Blake,73,74,D,Rob,B,B,B,C,B,B,D,B,B,B,75,30,0,212,35,90,125,0.58,16,6,49,8,14,22,,,,,,,,,,,,,
,,LAK,Los Angeles Kings,Kurri,80,78,RW,Jari,A,C,D,D,B,D,B,B,B,C,73,21,8,909,524,666,1190,1.29,362,66,174,102,120,222,,,,,,,,,,,,,
,,LAK,Los Angeles Kings,Donnelly,60,55,LW,Mike,D,C,D,C,B,C,C,C,B,B,64,25,0,313,79,80,159,0.66,14,8,42,12,11,23,,,,,,,,,,,,,
,,LAK,Los Angeles Kings,Sydor,58,46,D,Darryl,C,C,D,C,C,C,F,B,B,C,61,23,0,98,7,28,35,0.54,-5,1,24,3,8,11,,,,,,,,,,,,,
,,LAK,Los Angeles Kings,Ward,62,53,RW,Dixon,C,D,C,F,C,C,B,C,C,C,60,28,0,70,22,30,52,0.74,34,0,9,2,3,5,,,,,,,,,,,,,
,,LAK,Los Angeles Kings,Lang,58,38,C,Robert,D,B,F-,D,C,F,B,C,C,C,56,34,0,11,0,5,5,0.45,-3,0,0,0,0,0,,,,,,,,,,,,,
,,LAK,Los Angeles Kings,McReynolds,36,57,C,Brian,D,C,D,D,C,C,C,D,C,C,49,25,0,10,0,2,2,0.20,-5,0,0,0,0,0,,,,,,,,,,,,,
,,LAK,Los Angeles Kings,Huddy,44,76,D,Charlie,C,C,D,F,C,C,D,C,C,D,52,30,0,832,87,331,418,0.53,257,7,167,18,66,84,,,,,,,,,,,,,
,,LAK,Los Angeles Kings,Todd,47,57,C,Kevin,C,C,D,C,C,D,D,D,D,C,52,34,0,137,30,56,86,0.63,-3,5,8,3,2,5,,,,,,,,,,,,,
,,LAK,Los Angeles Kings,McSorley,43,66,D,Marty,C,C,A+,B,A,B,D,C,D,D,55,26,0,601,78,158,236,0.52,27,5,108,10,19,29,,,,,,,,,,,,,
,,LAK,Los Angeles Kings,Conacher,39,58,LW,Pat,D,C,D,B,D,D,C,C,D,D,47,27,0,341,35,51,86,0.25,-16,3,67,11,10,21,,,,,,,,,,,,,
,,LAK,Los Angeles Kings,Rychel,40,30,LW,Warren,F,F,A,B,F,C,D,D,C,D,45,26,0,72,6,7,13,0.18,-16,1,26,7,10,17,,,,,,,,,,,,,
,,LAK,Los Angeles Kings,Druce,62,65,RW,John,D,D,D,C,C,C,C,D,D,D,55,27,0,290,63,78,141,0.49,18,9,36,16,4,20,,,,,,,,,,,,,
,,LAK,Los Angeles Kings,Paek,30,42,D,Jim,D,D,D,F,C,D,F,D,D,C,44,26,0,129,4,22,26,0.20,15,0,27,1,4,5,,,,,,,,,,,,,
,,LAK,Los Angeles Kings,Houda,32,38,D,Doug,D,F,B,B,D,C,F,D,D,D,43,34,0,304,11,39,50,0.16,-21,1,18,0,3,3,,,,,,,,,,,,,
,,LAK,Los Angeles Kings,Shuchuk,45,30,C,Gary,F,D,D,C,F,D,D,D,D,D,42,26,0,31,3,6,9,0.29,1,0,20,2,2,4,,,,,,,,,,,,,
,,LAK,Los Angeles Kings,Watters,34,40,D,Tim,F,D,D,F,D,D,F-,F,D,D,39,29,0,680,25,142,167,0.22,56,3,82,1,5,6,,,,,,,,,,,,,
Roy,86,MTL,Montreal Canadiens,Damphousse,86,44,C,Vincent,B,B,D,D,B,F,A,A,B,B,78,27,1,558,195,320,515,0.96,-26,32,59,18,28,46,Patrick,225,129,20,67,5,48,10253,11379,39,2801,3070,4
Tugnutt,51,MTL,Montreal Canadiens,Bellows,79,42,LW,Brian,B,B,D,C,B,D,B,B,B,B,71,24,2,835,382,428,810,1.04,-83,45,99,40,58,98,Ron,45,96,1,0,0,21,4761,5432,0,31,34,0
Andre Racicot,46,MTL,Montreal Canadiens,Muller,74,70,C,Kirk,B,B,B,F,B,B,C,B,B,B,79,24,2,714,258,433,691,0.90,-39,30,64,19,23,42,,24,17,2,0,0,6,1227,1386,1,20,24,0
,,MTL,Montreal Canadiens,Schneider,80,67,D,Matt,B,B,C,C,B,D,D,C,B,B,70,24,0,255,38,89,127,0.69,26,7,43,5,16,21,,,,,,,,,,,,,
,,MTL,Montreal Canadiens,LeClair,57,52,LW,John,A ,D,D,F,C,C,D,C,C,B,62,26,0,141,29,41,70,0.65,17,3,31,5,7,12,,,,,,,,,,,,,
,,MTL,Montreal Canadiens,Desjardins,65,81,D,Eric,B,C,C,C,B,B,D,C,B,C,68,28,0,312,31,107,138,0.62,54,4,64,9,18,27,,,,,,,,,,,,,
,,MTL,Montreal Canadiens,Keane,49,68,RW,Mike,D,C,C,F-,B,B,D,C,C,B,65,33,0,360,64,132,196,0.43,60,7,71,10,20,30,,,,,,,,,,,,,
,,MTL,Montreal Canadiens,Daigneault,41,54,D,J.J.,C,D,F,D,B,F,D,C,B,C,53,23,0,468,34,114,148,0.47,20,3,57,2,9,11,,,,,,,,,,,,,
,,MTL,Montreal Canadiens,Carbonneau,46,95,C,Guy,D,B,F,D,B,B,F,C,B,C,62,23,3,833,207,302,509,0.62,142,32,154,29,40,69,,,,,,,,,,,,,
,,MTL,Montreal Canadiens,Dionne,75,47,LW,Gilbert,D,C,D,D,C,C,B,B,C,D,60,22,0,116,41,41,82,0.71,10,4,31,9,10,19,,,,,,,,,,,,,
,,MTL,Montreal Canadiens,DiPietro,52,42,C,Paul,C,D,F,D,C,D,D,C,C,C,51,23,0,62,8,19,27,0.44,16,0,17,8,5,13,,,,,,,,,,,,,
,,MTL,Montreal Canadiens,Brisebois,58,56,D,Patrice,C,D,D,C,C,D,C,C,C,D,53,25,0,106,12,31,43,0.41,16,3,31,2,8,10,,,,,,,,,,,,,
,,MTL,Montreal Canadiens,Haller,45,48,D,Kevin,D,D,C,A,B,D,D,C,C,D,48,22,0,162,20,39,59,0.36,7,2,32,2,10,12,,,,,,,,,,,,,
,,MTL,Montreal Canadiens,Odelein,42,64,D,Lyle,C,D,A,B,C,B,D,D,C,D,52,22,0,214,3,25,28,0.20,56,0,39,1,5,6,,,,,,,,,,,,,
,,MTL,Montreal Canadiens,Petrov,62,57,RW,Oleg,D,C,F-,C,C,F,D,C,C,D,50,37,0,9,2,1,3,0.33,2,1,1,0,0,0,,,,,,,,,,,,,
,,MTL,Montreal Canadiens,Sevigny,40,33,LW,Pierre,D,D,C,D,F,F,D,C,D,D,43,25,0,0,0,0,0,0.00,0,0,0,0,0,0,,,,,,,,,,,,,
,,MTL,Montreal Canadiens,Wilson,46,71,LW,Ron,F,D,D,D,B,D,D,D,C,D,48,25,0,784,108,206,314,0.40,-40,10,59,10,12,22,,,,,,,,,,,,,
,,MTL,Montreal Canadiens,Popovic,31,44,D,Peter,C,F,F,D,D,C,F,C,D,D,44,25,0,0,0,0,0,0.00,0,0,0,0,0,0,,,,,,,,,,,,,
,,MTL,Montreal Canadiens,Brunet,58,40,LW,Benoit,D,D,D,D,D,D,C,F,D,D,45,29,0,84,15,25,40,0.48,16,1,20,2,8,10,,,,,,,,,,,,,
,,MTL,Montreal Canadiens,Ronan,40,30,RW,Ed,D,D,F,B,F,C,D,F,D,D,43,24,0,56,5,7,12,0.21,6,1,14,2,3,5,,,,,,,,,,,,,
,,MTL,Montreal Canadiens,Roberge,37,36,RW,Mario,D,F,B,C,F,C,D,D,F,F,38,27,0,75,6,5,11,0.15,3,3,15,0,0,0,,,,,,,,,,,,,
,,MTL,Montreal Canadiens,Fogarty,41,38,D,Bryan,F,F,F,F-,F,D,F-,C,F,F,38,25,0,122,16,48,64,0.52,-76,2,0,0,0,0,,,,,,,,,,,,,
Terreri,68,NJD,New Jersey Devils,Richer,77,49,RW,Stephane,A ,C,D,B,B,D,B,A,B,B,77,25,1,565,265,238,503,0.87,61,47,84,39,25,64,Chris,80,83,4,9,0,26,4917,5530,12,566,640,0
Brodeur,79,NJD,New Jersey Devils,Millen,63,41,C,Corey,D,C,C,D,C,F,B,B,C,A,67,29,0,107,47,42,89,0.83,17,4,35,3,7,10,Martin,2,1,0,0,0,0,75,85,1,12,15,0
Mario Gosselin,46,NJD,New Jersey Devils,Zelepukin,67,68,LW,Valeri,C,C,D,D,C,F,B,B,B,B,68,23,0,122,36,59,95,0.78,30,5,9,1,3,4,,91,103,6,16,0,14,5339,6121,15,745,844,0
,,NJD,New Jersey Devils,Stevens,48,99,D,Scott,B,B,A,F,A,A,C,C,B,B,81,28,7,828,132,462,594,0.70,149,18,92,13,50,63,,,,,,,,,,,,,
,,NJD,New Jersey Devils,Guerin,62,58,RW,Bill,A ,D,B,A,C,B,B,C,B,C,67,27,0,70,14,21,35,0.52,15,2,11,4,1,5,,,,,,,,,,,,,
,,NJD,New Jersey Devils,Lemieux,61,63,RW,Claude,B,C,B,C,B,B,D,C,B,B,66,20,0,510,198,187,385,0.77,19,21,96,32,25,57,,,,,,,,,,,,,
,,NJD,New Jersey Devils,Chorske,56,57,C,Tom,D,D,D,C,C,C,C,C,B,B,61,31,0,197,38,41,79,0.40,1,4,8,0,3,3,,,,,,,,,,,,,
,,NJD,New Jersey Devils,Niedermayer,71,59,D,Scott,B,A,D,F,C,C,D,B,C,C,61,25,0,84,11,30,41,0.49,9,0,5,0,3,3,,,,,,,,,,,,,
,,NJD,New Jersey Devils,Driver,52,77,D,Bruce,D,C,D,D,B,C,D,C,B,C,62,32,0,595,71,280,351,0.53,-22,4,43,6,21,27,,,,,,,,,,,,,
,,NJD,New Jersey Devils,Dowd,48,40,LW,Jim,D,C,D,F,C,F,D,C,C,B,52,29,0,2,0,0,0,0.00,-1,0,0,0,0,0,,,,,,,,,,,,,
,,NJD,New Jersey Devils,Nicholls,77,76,C,Bernie,A,B,C,F,B,D,C,B,C,D,64,27,0,824,397,580,977,1.15,-48,27,70,35,40,75,,,,,,,,,,,,,
,,NJD,New Jersey Devils,MacLean,82,63,RW,John,B,D,B,A,B,C,C,C,C,D,66,26,0,626,241,248,489,0.77,-9,41,38,16,16,32,,,,,,,,,,,,,
,,NJD,New Jersey Devils,Semak,49,52,C,Alexander,C,C,D,D,C,D,C,B,C,D,58,22,0,107,42,48,90,0.84,29,7,6,1,1,2,,,,,,,,,,,,,
,,NJD,New Jersey Devils,McKay,41,52,RW,Randy,C,D,A,B,C,B,C,C,C,D,54,20,0,236,32,40,72,0.31,-9,3,19,1,4,5,,,,,,,,,,,,,
,,NJD,New Jersey Devils,Holik,46,62,C,Bobby,B,D,C,C,C,C,D,C,D,C,52,22,0,215,62,65,127,0.43,-5,9,18,1,2,3,,,,,,,,,,,,,
,,NJD,New Jersey Devils,Smith,33,59,D,Jason,D,C,D,D,C,C,F,C,C,C,49,35,0,0,0,0,0,0.00,0,0,0,0,0,0,,,,,,,,,,,,,
,,NJD,New Jersey Devils,Modry,31,55,D,Jaroslav,D,D,F,D,C,D,F,C,C,C,49,29,0,0,0,0,0,0.00,0,0,0,0,0,0,,,,,,,,,,,,,
,,NJD,New Jersey Devils,Fetisov,34,68,D,Vachslav,D,C,C,F,C,D,F,D,B,D,46,30,0,285,18,96,114,0.61,32,1,24,0,7,7,,,,,,,,,,,,,
,,NJD,New Jersey Devils,Albelin,43,53,D,Tommy,D,C,D,D,C,D,F-,C,C,D,47,29,0,290,21,95,116,0.40,12,3,9,3,2,5,,,,,,,,,,,,,
,,NJD,New Jersey Devils,Carpenter,40,78,C,Bob,D,C,C,C,C,D,F,D,C,D,49,28,0,825,285,337,622,0.63,-76,38,80,17,25,42,,,,,,,,,,,,,
,,NJD,New Jersey Devils,Daneyko,41,98,D,Ken,F,F,B,B,B,A,F-,D,C,D,47,24,0,613,26,87,113,0.22,-24,2,45,3,10,13,,,,,,,,,,,,,
,,NJD,New Jersey Devils,Peluso,30,42,LW,Mike,D,F,A,B,B,B,F,F,F,D,44,27,0,199,27,14,41,0.21,-37,1,20,1,2,3,,,,,,,,,,,,,
Hextall,63,NYI,New York Islanders,Turgeon,93,61,C,Pierre,C,B,F-,F,B,F-,A,B,B,B,75,30,2,474,218,324,542,1.03,20,37,34,18,20,38,Ron,159,126,4,27,2,36,8576,9634,26,1453,1621,1
McLennan,43,NYI,New York Islanders,Hogue,78,53,LW,Benoit,B,B,C,F,B,F,B,C,B,A,71,29,0,338,108,154,262,0.68,33,14,31,9,7,16,Jamie,0,0,0,0,0,0,0,0,0,0,0,0
Brian Hayward,38,NYI,New York Islanders,Thomas,71,55,LW,Steve,B,C,B,D,B,B,B,C,B,B,73,27,1,542,216,260,476,0.86,-16,35,82,29,34,63,,143,156,8,11,0,37,8658,9898,18,623,727,0
,,NYI,New York Islanders,Ferraro,55,63,C,Ray,B,C,C,B,B,D,C,B,C,C,62,25,0,629,230,263,493,0.79,0,23,51,20,18,38,,,,,,,,,,,,,
,,NYI,New York Islanders,Volek,59,47,RW,Dave,D,C,D,A,B,F,D,C,B,B,57,21,0,364,90,145,235,0.70,-24,11,15,5,5,10,,,,,,,,,,,,,
,,NYI,New York Islanders,Malakhov,72,52,D,Vladimir,B,C,C,C,B,D,D,C,B,C,63,26,0,64,14,38,52,0.82,14,0,17,3,6,9,,,,,,,,,,,,,
,,NYI,New York Islanders,Kasparaitis,44,64,D,Darius,C,C,B,D,D,B,F,C,B,C,55,23,0,79,4,17,21,0.23,15,0,18,0,5,5,,,,,,,,,,,,,
,,NYI,New York Islanders,King,66,29,LW,Derek,B,D,F,B,B,F-,A,C,C,D,56,31,0,386,136,182,318,0.69,6,20,27,3,13,16,,,,,,,,,,,,,
,,NYI,New York Islanders,McInnis,54,67,RW,Marty,D,D,D,F-,C,D,B,C,C,C,60,23,0,71,13,25,38,0.59,13,0,3,0,1,1,,,,,,,,,,,,,
,,NYI,New York Islanders,Kurvers,69,44,D,Tom,B,C,D,F,B,D,F,C,C,C,59,25,0,571,80,294,374,0.71,-29,8,54,8,22,30,,,,,,,,,,,,,
,,NYI,New York Islanders,Green,48,41,C,Travis,B,D,D,B,C,C,D,C,C,D,53,28,0,61,7,18,25,0.37,4,0,12,3,1,4,,,,,,,,,,,,,
,,NYI,New York Islanders,Pilon,27,41,D,Richard,C,F,A,A,D,C,F,C,B,D,45,32,0,245,3,29,32,0.13,-24,0,15,0,0,0,,,,,,,,,,,,,
,,NYI,New York Islanders,Krupp,58,58,D,Uwe,B,C,D,F,B,D,D,C,C,D,56,35,0,466,40,136,176,0.53,38,3,41,2,7,9,,,,,,,,,,,,,
,,NYI,New York Islanders,Loiselle,44,37,C,Claude,F,D,B,A,F,C,C,C,C,D,47,22,0,599,91,116,207,0.40,-130,8,41,4,11,15,,,,,,,,,,,,,
,,NYI,New York Islanders,Acton,40,69,C,Keith,C,C,C,D,B,C,D,C,D,D,53,30,0,946,224,351,575,0.64,-19,29,62,12,21,33,,,,,,,,,,,,,
,,NYI,New York Islanders,Kaminsky,46,32,LW,Yan,D,D,F,B,D,F,D,C,C,D,45,21,0,0,0,0,0,0.00,0,0,0,0,0,0,,,,,,,,,,,,,
,,NYI,New York Islanders,Flatley,57,74,RW,Patrick,D,B,B,F,B,B,D,D,C,D,57,26,0,547,133,269,402,0.70,61,18,59,18,15,33,,,,,,,,,,,,,
,,NYI,New York Islanders,Lachance,39,70,D,Scott,C,C,C,F,B,C,D,C,D,D,52,27,0,92,8,21,29,0.28,12,2,0,0,0,0,,,,,,,,,,,,,
,,NYI,New York Islanders,Dalgarno,40,61,RW,Brad,F,D,C,F,D,C,B,C,D,D,50,30,0,208,34,48,82,0.51,-4,5,23,2,3,5,,,,,,,,,,,,,
,,NYI,New York Islanders,Vukota,26,30,RW,Mick,F,F,A,B,D,C,F,D,D,D,41,26,0,349,11,25,36,0.17,-22,0,18,0,0,0,,,,,,,,,,,,,
,,NYI,New York Islanders,Maley,31,30,LW,David,D,F,B,B,F,C,F-,D,F,F,38,26,0,410,43,75,118,0.33,-54,7,43,5,5,10,,,,,,,,,,,,,
,,NYI,New York Islanders,Vaske,40,33,D,Dennis,D,F,C,F,F,D,F,D,F,F,39,30,0,71,1,6,7,0.24,18,0,18,0,6,6,,,,,,,,,,,,,
Richter,79,NYR,New York Rangers,Kovalev,77,30,RW,Alexei,A ,C,C,B,C,D,B,A,A+,A,80,28,0,65,20,18,38,0.58,-10,3,0,0,0,0,Mike,69,49,4,9,2,17,4009,4463,9,559,620,0
Healy,55,NYR,New York Rangers,Tikkanen,54,63,LW,Esa,A ,B,B,B,B,B,D,B,A ,B,75,25,0,537,180,263,443,0.80,87,30,114,51,46,97,Glenn,103,116,5,11,0,24,6780,7677,14,696,790,0
,,NYR,New York Rangers,Leetch,87,79,D,Brian,B,A,D,D,A,D,D,A,A+,C,81,32,5,353,80,287,367,0.95,24,12,23,8,16,24,,,,,,,,,,,,,
,,NYR,New York Rangers,Messier,74,62,C,Mark,C,A,C,D,B,B,C,B,A ,B,79,32,15,1005,452,780,1232,1.35,198,51,177,87,142,229,,,,,,,,,,,,,
,,NYR,New York Rangers,Larmer,68,99,RW,Steve,B,B,D,C,A+,B,B,C,B,B,86,23,3,891,406,517,923,0.96,182,49,107,45,66,111,,,,,,,,,,,,,
,,NYR,New York Rangers,Zubov,82,65,D,Sergei,B,B,D,D,C,C,D,B,B,B,74,25,0,49,8,23,31,0.63,-1,0,0,0,0,0,,,,,,,,,,,,,
,,NYR,New York Rangers,Graves,70,57,LW,Adam,C,C,A,A,B,A,C,C,B,B,72,33,0,381,85,99,184,0.54,-13,13,55,12,13,25,,,,,,,,,,,,,
,,NYR,New York Rangers,Anderson,64,67,RW,Glenn,C,B,C,F,B,D,C,C,B,B,67,29,6,976,459,559,1018,1.18,208,78,185,88,113,201,,,,,,,,,,,,,
,,NYR,New York Rangers,Nemchinov,52,92,C,Sergei,C,C,D,D,A+,B,B,C,B,C,73,28,0,154,53,59,112,0.62,34,8,13,1,4,5,,,,,,,,,,,,,
,,NYR,New York Rangers,Noonan,62,73,RW,Brian,B,C,C,A,B,C,B,C,C,C,68,27,0,265,49,64,113,0.55,-18,5,26,9,9,18,,,,,,,,,,,,,
,,NYR,New York Rangers,Olczyk,48,49,C,Ed,B,B,D,B,C,D,C,C,C,C,57,35,0,681,260,358,618,0.83,-31,27,39,15,13,28,,,,,,,,,,,,,
,,NYR,New York Rangers,MacTavish,60,95,C,Craig,D,D,C,D,A,B,D,C,B,C,67,24,0,852,183,232,415,0.56,67,31,141,18,28,46,,,,,,,,,,,,,
,,NYR,New York Rangers,Matteau,51,55,LW,Stephane,D,C,C,D,C,C,C,C,C,C,59,26,0,181,36,45,81,0.45,28,5,26,4,8,12,,,,,,,,,,,,,
,,NYR,New York Rangers,Hudson,39,48,C,Mike,C,D,C,D,B,B,D,C,C,C,57,23,0,262,38,59,97,0.33,-28,6,36,4,9,13,,,,,,,,,,,,,
,,NYR,New York Rangers,Karpotsev,43,67,D,Alex,D,C,D,D,C,C,D,C,C,C,56,33,0,42,2,16,18,0.43,4,4,47,1,8,9,,,,,,,,,,,,,
,,NYR,New York Rangers,Lidster,44,56,D,Doug,C,B,D,F,B,C,F,C,C,C,55,34,0,666,65,242,307,0.49,-92,3,41,2,10,12,,,,,,,,,,,,,
,,NYR,New York Rangers,Lowe,47,74,D,Kevin,D,C,C,F,C,C,F,C,C,C,54,31,6,1015,76,308,384,0.41,234,10,170,9,43,52,,,,,,,,,,,,,
,,NYR,New York Rangers,Gilbert,43,68,LW,Greg,D,F,D,F,C,C,C,C,D,D,52,27,0,698,135,202,337,0.44,91,13,103,16,27,43,,,,,,,,,,,,,
,,NYR,New York Rangers,Kypreos,44,42,LW,Nick,D,F,A,B,C,C,B,D,D,D,48,28,0,250,35,29,64,0.21,-10,7,16,1,1,2,,,,,,,,,,,,,
,,NYR,New York Rangers,Beukeboom,47,76,D,Jeff,D,D,B,F-,C,B,F,C,D,D,50,29,0,422,15,84,99,0.25,79,2,42,3,6,9,,,,,,,,,,,,,
,,NYR,New York Rangers,Kocur,32,49,RW,Joey,D,D,B,B,D,C,F,D,D,D,44,34,0,520,66,65,131,0.33,-77,11,50,4,8,12,,,,,,,,,,,,,
,,NYR,New York Rangers,Wells,35,49,D,Jay,D,D,B,F,D,B,F-,D,D,D,44,18,0,879,43,199,242,0.24,-40,7,69,3,13,16,,,,,,,,,,,,,
Billington,42,OTW,Ottawa Senators,Daigle,67,37,RW,Alexandre,B,B,D,D,C,F,B,A,B,B,70,26,0,111,0,0,0,0.00,0,0,2,0,0,0,Craig,43,46,4,0,0,8,2539,2931,1,34,39,0
LaForest,38,OTW,Ottawa Senators,Davydov,61,45,LW,Evgeny,B,C,F,A,C,F,C,C,A ,B,61,20,0,91,32,24,56,0.56,5,2,11,2,2,4,Mark,25,52,2,1,0,4,2256,2593,0,11,12,0
Pat Jablonski,42,OTW,Ottawa Senators,Yashin,71,33,C,Alexei,B,B,D,D,C,D,C,B,B,B,65,28,0,54,30,49,79,1.00,-20,5,0,0,0,0,,13,36,1,0,0,7,1549,1779,0,30,35,0
,,OTW,Ottawa Senators,Turgeon,80,39,LW,Sylvain,B,D,C,A,C,F-,C,D,B,B,55,29,0,589,247,203,450,0.74,-82,26,36,4,7,11,,,,,,,,,,,,,
,,OTW,Ottawa Senators,Maciver,78,40,D,Norm,C,C,C,F,B,D,D,B,C,C,60,31,0,262,35,133,168,0.63,-24,7,32,1,6,7,,,,,,,,,,,,,
,,OTW,Ottawa Senators,Bourque,54,67,LW,Phil,D,D,D,C,A,C,D,C,C,B,55,31,0,399,81,103,184,0.48,-40,13,56,13,12,25,,,,,,,,,,,,,
,,OTW,Ottawa Senators,Murray,41,74,C,Troy,D,C,C,A,C,B,F,C,B,C,58,25,1,779,217,324,541,0.76,34,30,93,15,25,40,,,,,,,,,,,,,
,,OTW,Ottawa Senators,Huffman,42,52,D,Kerry,C,D,D,C,C,C,F,C,C,C,50,24,0,255,26,78,104,0.45,-7,5,5,0,0,0,,,,,,,,,,,,,
,,OTW,Ottawa Senators,Archibald,53,47,RW,David,C,D,D,A,C,F,C,C,C,D,52,26,0,225,39,53,92,0.52,-43,5,5,0,1,1,,,,,,,,,,,,,
,,OTW,Ottawa Senators,McIlwain,62,48,C,Dave,D,C,D,A,C,C,C,C,C,D,55,29,0,369,75,69,144,0.49,-53,9,14,0,2,2,,,,,,,,,,,,,
,,OTW,Ottawa Senators,Shaw,51,49,D,Brad,C,C,D,D,A,D,F,C,C,D,49,28,0,293,18,118,136,0.43,-55,1,19,4,8,12,,,,,,,,,,,,,
,,OTW,Ottawa Senators,McBain,47,44,RW,Andrew,C,D,D,F,D,D,D,C,D,D,48,27,0,553,118,164,282,0.59,-110,8,24,5,7,12,,,,,,,,,,,,,
,,OTW,Ottawa Senators,Lauer,43,31,LW,Brad,D,C,D,B,D,D,D,C,D,D,45,22,0,272,38,61,99,0.48,4,7,22,6,4,10,,,,,,,,,,,,,
,,OTW,Ottawa Senators,Filimonov,30,48,D,Dmitri,D,D,F,D,D,D,F,C,C,D,45,23,0,0,0,0,0,0.00,0,0,0,0,0,0,,,,,,,,,,,,,
,,OTW,Ottawa Senators,Mallette,46,47,LW,Troy,D,F,B,B,D,D,C,D,D,D,45,32,0,216,33,36,69,0.33,-7,3,15,2,2,4,,,,,,,,,,,,,
,,OTW,Ottawa Senators,Konroyd,43,49,D,Steve,D,D,D,D,C,B,F,D,C,D,49,24,0,867,41,193,234,0.29,22,3,97,10,15,25,,,,,,,,,,,,,
,,OTW,Ottawa Senators,Loewen,35,42,LW,Darcy,D,D,B,B,D,D,F,D,D,D,41,23,0,91,4,5,9,0.18,-33,0,0,0,0,0,,,,,,,,,,,,,
,,OTW,Ottawa Senators,Levins,38,37,RW,Scott,D,D,D,D,C,D,D,D,D,D,44,24,0,9,0,1,1,0.11,-2,0,0,0,0,0,,,,,,,,,,,,,
,,OTW,Ottawa Senators,Vial,37,59,D,Dennis,D,F,B,B,C,B,F,D,D,F,44,24,0,66,1,1,2,0.06,-5,0,0,0,0,0,,,,,,,,,,,,,
,,OTW,Ottawa Senators,Rumble,47,43,D,Darren,D,D,C,B,C,C,F-,D,F,D,41,27,0,72,4,13,17,0.28,-23,0,0,0,0,0,,,,,,,,,,,,,
,,OTW,Ottawa Senators,Burakowsky,45,28,RW,Rob,D,F,F-,D,D,F-,D,D,F,F,38,31,0,0,0,0,0,0.00,0,0,0,0,0,0,,,,,,,,,,,,,
,,OTW,Ottawa Senators,Dineen,46,41,D,Gord,F,F,C,A,D,D,F-,D,F,F,39,25,0,442,16,69,85,0.28,1,0,40,1,7,8,,,,,,,,,,,,,
Roussel,61,PHI,Philadelphia Flyers,Recchi,84,52,RW,Mark,B,B,C,C,B,C,A,B,A ,B,83,20,1,331,167,235,402,1.20,-16,24,24,10,24,34,Dominic,20,19,2,0,0,7,1219,1370,0,0,0,0
Soderstrom,70,PHI,Philadelphia Flyers,Lindros,73,78,C,Eric,A ,B,B,C,A,A,A+,B,B,C,84,21,0,61,41,34,75,1.07,28,5,0,0,0,0,Tommy,20,17,5,0,0,6,1184,1327,0,0,0,0
,,PHI,Philadelphia Flyers,Renberg,90,49,RW,Mikael,B,B,D,D,C,C,A,B,B,C,77,23,0,0,0,0,0,0.00,0,0,0,0,0,0,,,,,,,,,,,,,
,,PHI,Philadelphia Flyers,BrindAmour,72,79,C,Rod,B,B,C,D,B,C,B,B,B,C,76,30,0,318,113,160,273,0.92,14,13,30,9,13,22,,,,,,,,,,,,,
,,PHI,Philadelphia Flyers,Dineen,56,64,C,Kevin,C,C,B,A,B,D,C,C,B,B,66,24,2,636,275,290,565,0.81,-2,41,38,17,14,31,,,,,,,,,,,,,
,,PHI,Philadelphia Flyers,Racine,51,48,D,Yves,B,C,D,D,B,C,D,C,B,B,63,24,0,231,22,102,124,0.53,2,1,25,5,4,9,,,,,,,,,,,,,
,,PHI,Philadelphia Flyers,Beranek,68,48,RW,Josef,C,C,C,B,C,F,B,B,C,C,61,22,0,124,27,34,61,0.59,-10,1,12,2,1,3,,,,,,,,,,,,,
,,PHI,Philadelphia Flyers,Yushkevich,54,74,D,Dimitri,C,C,C,C,A,C,F,C,B,B,65,29,0,82,5,27,32,0.38,12,1,0,0,0,0,,,,,,,,,,,,,
,,PHI,Philadelphia Flyers,Lamb,47,75,C,Mark,D,C,C,C,C,C,F,C,B,C,56,30,0,270,33,74,107,0.43,-24,4,70,7,19,26,,,,,,,,,,,,,
,,PHI,Philadelphia Flyers,Galley,48,70,D,Garry,D,C,C,D,C,C,F,B,C,C,59,26,0,612,70,233,303,0.59,10,8,64,7,13,20,,,,,,,,,,,,,
,,PHI,Philadelphia Flyers,Fedyk,57,62,LW,Brent,C,D,D,F,C,D,C,C,C,C,58,20,0,236,45,70,115,0.61,26,4,7,1,0,1,,,,,,,,,,,,,
,,PHI,Philadelphia Flyers,Bowen,31,49,LW,Jason,C,D,D,C,C,B,D,C,C,C,53,25,0,7,1,0,1,0.14,1,0,0,0,0,0,,,,,,,,,,,,,
,,PHI,Philadelphia Flyers,DiMaio,44,49,RW,Rob,D,D,C,D,B,C,D,C,D,C,53,24,0,128,15,17,32,0.36,-29,1,1,1,0,1,,,,,,,,,,,,,
,,PHI,Philadelphia Flyers,Faust,42,46,LW,Andre,D,D,D,C,C,D,B,C,D,D,49,32,0,10,2,2,4,0.40,5,0,0,0,0,0,,,,,,,,,,,,,
,,PHI,Philadelphia Flyers,Tippett,29,52,LW,Dave,D,D,D,F,C,D,D,D,D,C,46,27,0,648,89,158,247,0.42,-32,12,62,6,16,22,,,,,,,,,,,,,
,,PHI,Philadelphia Flyers,Conroy,46,48,C,Allan,D,D,D,D,C,D,D,C,D,D,48,25,0,52,5,11,16,0.31,0,1,0,0,0,0,,,,,,,,,,,,,
,,PHI,Philadelphia Flyers,Zettler,39,40,D,Rob,D,C,B,B,C,D,F,D,C,D,45,34,0,234,2,27,29,0.14,-91,0,0,0,0,0,,,,,,,,,,,,,
,,PHI,Philadelphia Flyers,Ramage,43,58,D,Rob,C,D,B,B,C,B,F,D,D,D,46,24,0,1023,139,423,562,0.56,-159,20,84,8,42,50,,,,,,,,,,,,,
,,PHI,Philadelphia Flyers,McGill,44,49,D,Ryan,D,F,B,B,C,C,F,D,D,D,45,26,0,81,3,12,15,0.17,10,0,0,0,0,0,,,,,,,,,,,,,
,,PHI,Philadelphia Flyers,Finley,36,39,D,Jeff,D,D,D,B,D,D,F-,C,D,D,42,23,0,87,1,16,17,0.15,-1,0,6,0,2,2,,,,,,,,,,,,,
,,PHI,Philadelphia Flyers,Malgunas,30,39,D,Stewart,F,D,D,B,C,C,F-,C,D,D,43,31,0,0,0,0,0,0.00,0,0,0,0,0,0,,,,,,,,,,,,,
,,PHI,Philadelphia Flyers,Brown,27,50,RW,Dave,F,F,B,A,D,D,F-,D,F,F,36,28,0,593,40,45,85,0.16,-28,6,77,2,3,5,,,,,,,,,,,,,
Barrasso,72,PIT,Pittsburgh Penguins,Lemieux,99,54,C,Mario,B,A+,D,F,A+,D,A+,A,A ,B,95,21,9,577,477,697,1174,2.11,108,46,60,52,63,115,Tom,244,181,19,45,4,55,12999,14654,29,2110,2340,1
Wreggett,52,PIT,Pittsburgh Penguins,Jagr,95,46,RW,Jaromir,A,A,D,F,A+,B,C,A,A ,B,87,29,0,231,93,127,220,1.15,38,17,57,19,27,46,Ken,115,169,2,15,2,28,8627,9872,13,822,908,0
,,PIT,Pittsburgh Penguins,Sandstrom,83,56,RW,Tomas,B,C,B,B,B,D,C,C,B,B,71,28,2,591,273,320,593,0.98,32,32,79,25,40,65,,,,,,,,,,,,,
,,PIT,Pittsburgh Penguins,Stevens,73,42,LW,Kevin,A ,B,B,B,A,C,A,C,C,C,73,30,2,348,195,217,412,1.08,-3,19,68,38,49,87,,,,,,,,,,,,,
,,PIT,Pittsburgh Penguins,Francis,80,85,C,Ron,C,A+,D,F,A,B,C,B,B,C,81,21,1,882,311,675,986,1.07,-47,47,90,29,54,83,,,,,,,,,,,,,
,,PIT,Pittsburgh Penguins,Straka,69,57,C,Martin,B,B,F,D,C,F,C,B,C,B,66,32,0,42,3,13,16,0.68,2,1,11,2,1,3,,,,,,,,,,,,,
,,PIT,Pittsburgh Penguins,Murphy,82,82,D,Larry,B,A,D,F,A,C,D,B,B,C,77,36,5,1020,203,631,834,0.83,123,23,124,28,68,96,,,,,,,,,,,,,
,,PIT,Pittsburgh Penguins,Mullen,72,62,LW,Joe,C,C,F,B,B,C,A,C,B,C,68,24,2,842,433,486,919,0.91,141,59,124,59,43,102,,,,,,,,,,,,,
,,PIT,Pittsburgh Penguins,McEachern,60,48,RW,Shawn,B,C,D,B,B,F,C,C,C,B,61,29,0,99,28,37,65,0.63,22,6,31,5,9,14,,,,,,,,,,,,,
,,PIT,Pittsburgh Penguins,Samuelsson,52,77,D,Ulf,C,C,A+,F,B,A,F-,C,B,B,64,29,0,616,36,188,224,0.52,112,5,84,6,14,20,,,,,,,,,,,,,
,,PIT,Pittsburgh Penguins,Tocchet,73,50,RW,Rick,B,C,B,C,C,B,B,C,D,C,65,20,2,630,277,326,603,0.93,85,26,97,35,45,80,,,,,,,,,,,,,
,,PIT,Pittsburgh Penguins,Naslund,67,54,C,Markus,C,D,F,D,D,D,D,C,B,C,51,29,0,74,18,26,44,0.59,2,1,0,0,0,0,,,,,,,,,,,,,
,,PIT,Pittsburgh Penguins,Brown,38,78,RW,Doug,D,C,C,C,B,C,C,C,C,C,56,23,0,350,68,80,148,0.42,41,10,32,7,4,11,,,,,,,,,,,,,
,,PIT,Pittsburgh Penguins,Tamer,41,42,D,Chris,D,D,F,C,D,C,D,C,B,C,52,25,0,0,0,0,0,0.00,0,0,0,0,0,0,,,,,,,,,,,,,
,,PIT,Pittsburgh Penguins,Hawgood,66,44,D,Greg,C,C,D,F,C,D,D,C,C,C,54,25,0,229,40,98,138,0.60,24,2,41,2,8,10,,,,,,,,,,,,,
,,PIT,Pittsburgh Penguins,Brown,48,40,D,Greg,D,D,D,D,C,D,D,C,C,C,52,37,0,49,1,3,4,0.08,-25,0,0,0,0,0,,,,,,,,,,,,,
,,PIT,Pittsburgh Penguins,Trottier,48,54,C,Bryan,D,D,D,F,D,D,D,C,C,D,46,35,8,1238,520,890,1410,1.11,464,68,219,71,113,184,,,,,,,,,,,,,
,,PIT,Pittsburgh Penguins,Samuelsson,29,52,D,Kjell,B,D,C,A,B,B,F,D,D,D,47,28,0,509,34,103,137,0.37,79,6,88,3,19,22,,,,,,,,,,,,,
,,PIT,Pittsburgh Penguins,Jennings,38,50,D,Grant,D,F,B,B,D,C,F-,C,D,D,44,33,0,287,12,33,45,0.16,7,2,47,2,1,3,,,,,,,,,,,,,
,,PIT,Pittsburgh Penguins,Ramsey,25,52,D,Mike,D,D,C,F,C,B,F,D,C,F,43,30,0,923,74,258,332,0.38,194,15,84,8,24,32,,,,,,,,,,,,,
,,PIT,Pittsburgh Penguins,Taglianetti,33,58,D,Peter,C,D,B,B,B,B,F-,D,F,D,43,24,0,378,16,61,77,0.20,15,2,44,2,6,8,,,,,,,,,,,,,
,,PIT,Pittsburgh Penguins,McKenzie,43,33,LW,Jim,D,F,A,C,C,C,F,D,F,F,39,22,0,177,12,10,22,0.12,-23,0,6,0,0,0,,,,,,,,,,,,,
Fiset,62,QUE,Quebec Nordiques,Sundin,82,66,C,Mats,B,A,C,F,B,F,A,B,B,B,78,27,1,240,103,146,249,1.07,-22,11,6,3,1,4,Stephane,25,26,1,0,0,8,1686,1913,0,11,12,0
Thibault,64,QUE,Quebec Nordiques,Kamensky,78,47,LW,Valeri,A ,B,D,F,B,D,B,B,B,B,74,24,0,55,22,36,58,1.00,12,1,6,0,1,1,Jocelyn,0,0,0,0,0,0,0,0,0,0,0,0
,,QUE,Quebec Nordiques,Sakic,88,78,C,Joe,C,A+,D,D,A,D,A,A,B,C,84,26,1,377,187,285,472,1.18,-100,16,6,3,3,6,,,,,,,,,,,,,
,,QUE,Quebec Nordiques,Young,50,72,RW,Scott,A ,C,F,B,C,F,C,C,C,A,65,23,0,322,90,135,225,0.71,-52,17,38,10,7,17,,,,,,,,,,,,,
,,QUE,Quebec Nordiques,Kovalenko,63,62,RW,Andrei,B,C,D,D,B,C,B,B,C,B,71,21,0,81,27,41,68,0.84,13,4,4,1,0,1,,,,,,,,,,,,,
,,QUE,Quebec Nordiques,Nolan,80,42,RW,Owen,A ,C,B,C,B,D,A,F,C,B,62,22,0,207,81,82,163,0.98,-29,4,5,1,0,1,,,,,,,,,,,,,
,,QUE,Quebec Nordiques,Ricci,64,49,C,Mike,C,B,A,D,C,C,A,C,B,C,68,28,0,223,68,107,175,0.76,-10,14,6,0,6,6,,,,,,,,,,,,,
,,QUE,Quebec Nordiques,Sjodin,55,38,D,Tommy,B,C,F,C,C,D,D,B,B,C,60,24,0,77,7,29,36,0.47,-25,1,0,0,0,0,,,,,,,,,,,,,
,,QUE,Quebec Nordiques,Leschyshyn,52,73,D,Curtis,D,C,D,F,A,C,B,C,C,B,69,25,0,318,23,57,80,0.39,-95,4,6,1,1,2,,,,,,,,,,,,,
,,QUE,Quebec Nordiques,Lapointe,53,80,C,Claude,D,D,B,F,C,C,D,C,C,B,62,30,0,165,25,48,73,0.44,0,3,6,2,4,6,,,,,,,,,,,,,
,,QUE,Quebec Nordiques,Sutter,49,79,C,Ron,D,B,B,D,B,B,C,C,C,C,63,29,0,682,168,264,432,0.61,71,26,75,7,30,37,,,,,,,,,,,,,
,,QUE,Quebec Nordiques,Gusarov,47,49,D,Alexei,C,C,D,F,B,C,C,C,C,C,61,24,0,183,16,49,65,0.36,5,2,5,0,1,1,,,,,,,,,,,,,
,,QUE,Quebec Nordiques,Fraser,48,50,C,Iain,C,D,D,D,C,D,C,C,C,C,58,26,0,7,2,2,4,0.57,-1,0,0,0,0,0,,,,,,,,,,,,,
,,QUE,Quebec Nordiques,Lindberg,40,49,LW,Chris,D,D,F,C,D,D,C,D,C,B,51,28,0,79,11,17,28,0.35,0,1,2,0,1,1,,,,,,,,,,,,,
,,QUE,Quebec Nordiques,Bassen,46,39,C,Bob,D,D,C,C,C,C,C,D,B,C,55,24,0,450,53,97,150,0.33,26,6,64,3,10,13,,,,,,,,,,,,,
,,QUE,Quebec Nordiques,Werenka,53,41,D,Brad,D,D,D,A,D,F,C,C,C,C,51,22,0,27,5,4,9,0.33,1,1,0,0,0,0,,,,,,,,,,,,,
,,QUE,Quebec Nordiques,Rucinsky,49,45,LW,Martin,C,C,D,F,C,F,C,C,C,D,51,30,0,83,19,31,50,0.60,14,1,6,1,1,2,,,,,,,,,,,,,
,,QUE,Quebec Nordiques,Butcher,38,68,D,Garth,D,C,A,C,B,A,F,C,D,C,54,27,0,775,43,136,179,0.37,-112,5,43,6,5,11,,,,,,,,,,,,,
,,QUE,Quebec Nordiques,Finn,38,58,D,Steven,C,D,B,B,C,C,D,C,D,D,49,22,0,485,25,57,82,0.17,-104,0,19,0,3,3,,,,,,,,,,,,,
,,QUE,Quebec Nordiques,Karpa,45,53,D,Dave,D,D,B,C,C,C,D,D,D,D,47,21,0,16,0,1,1,0.06,-4,0,3,0,0,0,,,,,,,,,,,,,
,,QUE,Quebec Nordiques,Simon,33,43,LW,Chris,F,D,A,A,F-,C,F,D,D,F,39,25,0,16,1,1,2,0.12,-2,1,5,0,0,0,,,,,,,,,,,,,
,,QUE,Quebec Nordiques,Twist,35,28,LW,Tony,F,F,B,B,F,C,F-,F,F,F,34,35,0,130,0,3,3,0.02,-9,0,0,0,0,0,,,,,,,,,,,,,
Irbe,74,SJS,San Jose Sharks,Makarov,79,62,RW,Sergei,C,A,D,D,C,F,A,B,A ,B,75,33,2,297,94,198,292,1.04,62,14,9,1,6,7,Arturs,9,32,1,0,0,3,1425,1615,0,0,0,0
Waite,42,SJS,San Jose Sharks,Larionov,80,52,C,Igor,C,B,F,B,C,F,A,B,A ,C,71,21,3,210,51,92,143,1.02,-1,6,19,4,7,11,Jimmy,13,21,2,0,0,6,969,1131,0,0,0,0
Peter Sidorkiewicz,40,SJS,San Jose Sharks,Ozolinsh,68,60,D,Sandis,B,B,D,D,B,D,B,B,C,B,70,26,0,37,7,16,23,0.62,-9,0,0,0,0,0,,79,125,8,5,0,27,5582,6407,10,357,412,1
,,SJS,San Jose Sharks,Dahlen,72,59,LW,Ulf,B,B,F-,C,A,C,B,B,B,C,76,29,0,430,165,151,316,0.75,-22,23,33,3,13,16,,,,,,,,,,,,,
,,SJS,San Jose Sharks,Errey,39,69,LW,Bob,D,D,C,A,B,B,D,C,A ,B,64,21,0,580,133,143,276,0.57,29,14,53,9,5,14,,,,,,,,,,,,,
,,SJS,San Jose Sharks,Falloon,80,39,RW,Pat,B,C,F-,A,B,F,C,C,B,B,61,28,0,120,39,48,87,0.75,-57,2,0,0,0,0,,,,,,,,,,,,,
,,SJS,San Jose Sharks,Norton,70,51,D,Jeff,D,C,D,F,B,F,D,C,A ,B,65,27,0,282,22,166,188,0.67,-44,1,17,2,6,8,,,,,,,,,,,,,
,,SJS,San Jose Sharks,Elik,55,52,C,Todd,C,D,C,D,C,D,C,C,C,B,60,31,0,244,59,119,178,0.68,20,6,27,6,17,23,,,,,,,,,,,,,
,,SJS,San Jose Sharks,Duchesne,46,80,LW,Gaetan,D,D,F,A,B,C,C,C,C,B,59,27,0,898,164,227,391,0.49,97,25,70,13,9,22,,,,,,,,,,,,,
,,SJS,San Jose Sharks,Baker,54,72,C,Jamie,C,C,D,D,B,C,C,C,C,C,63,25,0,147,28,39,67,0.46,-30,3,0,0,0,0,,,,,,,,,,,,,
,,SJS,San Jose Sharks,Garpenlov,47,57,LW,Johan,D,C,F,D,C,F,B,C,C,C,56,23,0,178,46,73,119,0.67,-30,5,6,0,1,1,,,,,,,,,,,,,
,,SJS,San Jose Sharks,Gaudreau,59,49,RW,Rob,D,C,F,B,B,C,C,C,C,C,59,20,0,59,23,20,43,0.73,-18,1,0,0,0,0,,,,,,,,,,,,,
,,SJS,San Jose Sharks,Kroupa,52,41,D,Vlastimil,D,D,F,D,C,F,D,C,C,C,50,22,0,0,0,0,0,0.00,0,0,0,0,0,0,,,,,,,,,,,,,
,,SJS,San Jose Sharks,Craigwell,41,56,C,Dale,D,D,F,D,C,C,D,D,C,C,53,23,0,40,8,12,20,0.50,-7,2,0,0,0,0,,,,,,,,,,,,,
,,SJS,San Jose Sharks,Butsayev,49,44,C,Viacheslav,C,D,C,F,D,D,D,C,C,D,48,21,0,52,2,14,16,0.31,3,0,0,0,0,0,,,,,,,,,,,,,
,,SJS,San Jose Sharks,Whitney,58,42,C,Ray,C,C,F,D,C,F,B,C,D,D,49,24,0,28,4,9,13,0.46,-15,0,0,0,0,0,,,,,,,,,,,,,
,,SJS,San Jose Sharks,More,31,47,D,Jay,C,C,B,A,C,B,D,D,C,D,48,19,0,125,9,19,28,0.20,-67,1,0,0,0,0,,,,,,,,,,,,,
,,SJS,San Jose Sharks,Rathje,34,52,D,Mike,D,D,C,C,C,C,F,C,C,D,48,23,0,0,0,0,0,0.00,0,0,0,0,0,0,,,,,,,,,,,,,
,,SJS,San Jose Sharks,Pederson,50,48,D,Tom,D,C,D,C,D,D,D,C,F,D,47,24,0,44,7,13,20,0.45,-16,2,0,0,0,0,,,,,,,,,,,,,
,,SJS,San Jose Sharks,Odgers,39,45,RW,Jeff,D,F,A,B,C,D,C,D,F,D,45,30,0,127,19,19,38,0.30,-47,0,0,0,0,0,,,,,,,,,,,,,
,,SJS,San Jose Sharks,Cronin,29,30,D,Shawn,F,F,B,A,F,D,D,F,F,F,34,29,0,229,3,14,17,0.07,-37,0,9,0,0,0,,,,,,,,,,,,,
Joseph,93,STL,St. Louis Blues,Housley,81,47,D,Phil,C,A+,D,F-,B,D,D,A,A+,A,84,24,7,840,242,575,817,1.04,-29,33,48,11,28,39,Curtis,81,63,3,13,2,22,4956,5464,9,754,822,0
Hrivnak,42,STL,St. Louis Blues,Hull,94,54,RW,Brett,A+,C,D,B,B,C,B,B,B,B,81,26,10,459,356,247,603,1.28,-11,44,68,50,33,83,Jim,30,20,0,0,0,3,1373,1566,0,0,0,0
,,STL,St. Louis Blues,Shanahan,92,78,LW,Brendan,A ,B,B,D,B,C,A,B,C,C,78,28,1,432,172,205,377,0.93,8,19,42,14,15,29,,,,,,,,,,,,,
,,STL,St. Louis Blues,Janney,93,77,C,Craig,D,A+,F-,F-,B,D,B,A,B,C,80,22,0,371,115,310,425,1.04,46,21,86,19,71,90,,,,,,,,,,,,,
,,STL,St. Louis Blues,Duchesne,77,80,D,Steve,B,B,D,D,B,F,D,B,B,B,70,37,0,542,133,297,430,0.88,63,17,49,13,31,44,,,,,,,,,,,,,
,,STL,St. Louis Blues,Nedved,68,59,C,Petr,B,B,D,C,B,F,A,A,C,C,72,28,0,222,63,61,124,0.76,-4,4,28,3,8,11,,,,,,,,,,,,,
,,STL,St. Louis Blues,Stastny,76,55,C,Peter,C,B,F,D,C,C,B,B,B,C,71,34,7,954,444,777,1221,1.27,-11,53,89,33,72,105,,,,,,,,,,,,,
,,STL,St. Louis Blues,Miller,61,71,RW,Kevin,C,C,C,C,B,C,C,C,B,C,68,27,0,276,69,90,159,0.48,3,12,27,3,7,10,,,,,,,,,,,,,
,,STL,St. Louis Blues,Kasatonov,52,68,D,Alexei,C,B,D,F,C,C,F,C,B,C,56,26,0,257,31,88,119,0.46,56,4,24,2,7,9,,,,,,,,,,,,,
,,STL,St. Louis Blues,Prokhorov,55,34,LW,Vitali,D,C,F,B,D,F,C,C,C,C,51,30,0,26,4,1,5,0.19,-4,1,0,0,0,0,,,,,,,,,,,,,
,,STL,St. Louis Blues,Baron,38,45,D,Murray,D,F,C,A,D,D,F,C,C,C,45,24,0,203,15,20,35,0.17,-12,2,13,0,0,0,,,,,,,,,,,,,
,,STL,St. Louis Blues,Zombo,35,57,D,Rick,C,D,D,F-,B,C,F-,C,C,C,49,27,0,488,17,108,125,0.25,37,2,53,1,11,12,,,,,,,,,,,,,
,,STL,St. Louis Blues,Montgomery,51,38,C,Jim,D,C,D,D,C,D,D,C,C,D,49,25,0,0,0,0,0,0.00,0,0,0,0,0,0,,,,,,,,,,,,,
,,STL,St. Louis Blues,Bozon,45,61,LW,Philippe,D,D,C,A,D,F,F,C,D,D,45,33,0,63,7,9,16,0.25,2,0,15,2,0,2,,,,,,,,,,,,,
,,STL,St. Louis Blues,Karamnov,45,43,LW,Vitali,D,D,F,C,C,D,D,C,D,D,46,23,0,7,0,1,1,0.14,-2,0,0,0,0,0,,,,,,,,,,,,,
,,STL,St. Louis Blues,Crossman,60,42,D,Doug,D,C,F,F-,B,D,D,C,D,D,51,27,1,864,103,352,455,0.70,33,9,97,12,39,51,,,,,,,,,,,,,
,,STL,St. Louis Blues,Felsner,47,40,LW,Denny,D,D,D,B,D,D,C,D,D,D,45,23,0,9,0,4,4,0.44,4,0,10,2,3,5,,,,,,,,,,,,,
,,STL,St. Louis Blues,Mackey,43,40,LW,Dave,C,D,C,C,D,D,D,D,D,D,45,32,0,96,6,9,15,0.16,-25,3,1,0,0,0,,,,,,,,,,,,,
,,STL,St. Louis Blues,Korolev,47,58,C,Igor,D,D,F,F-,C,D,F,C,D,D,48,28,0,74,4,23,27,0.36,-1,0,3,0,0,0,,,,,,,,,,,,,
,,STL,St. Louis Blues,McRae,35,44,LW,Basil,D,F,A,B,C,C,F,D,D,D,42,26,0,489,51,75,126,0.21,-92,4,67,6,3,9,,,,,,,,,,,,,
,,STL,St. Louis Blues,Tilley,31,38,D,Tom,F,D,F,B,D,D,D,D,D,D,43,29,0,126,3,31,34,0.27,16,0,10,1,2,3,,,,,,,,,,,,,
,,STL,St. Louis Blues,Chase,38,35,RW,Kelly,F,F,A,B,D,D,F,D,F,F,37,32,0,140,5,10,15,0.11,-15,1,16,1,0,1,,,,,,,,,,,,,
Puppa,71,TBL,Tampa Bay Lightning,Klima,69,36,RW,Petr,B,C,C,A,B,F,A,B,A ,A,74,28,1,551,247,178,425,0.88,-57,27,85,26,24,50,Daren,102,70,7,3,0,28,5517,6203,6,275,312,0
Young,39,TBL,Tampa Bay Lightning,Savard,73,48,C,Denis,C,B,C,F-,C,D,C,A,A ,C,72,26,8,946,423,769,1192,1.30,91,50,137,58,94,152,Wendell,54,77,1,0,0,11,3940,4511,1,37,43,0
J.C. Bergeron,40,TBL,Tampa Bay Lightning,Bradley,71,54,C,Brian,B,B,C,D,B,D,B,C,B,B,71,27,1,403,113,176,289,0.92,-36,17,8,3,4,7,,15,16,0,0,0,3,870,1000,0,0,0,0
,,TBL,Tampa Bay Lightning,Cole,48,50,RW,Danton,C,D,F,B,B,D,C,C,C,C,55,26,0,187,33,32,65,0.35,-32,2,0,0,0,0,,,,,,,,,,,,,
,,TBL,Tampa Bay Lightning,Andersson,40,57,LW,Mikael,D,C,F,A,B,D,D,C,D,B,53,24,0,341,55,104,159,0.47,8,8,13,1,5,6,,,,,,,,,,,,,
,,TBL,Tampa Bay Lightning,Elynuik,59,34,RW,Pat,C,D,F,C,C,F,A,C,D,C,54,18,0,369,137,164,301,0.82,-3,15,20,6,9,15,,,,,,,,,,,,,
,,TBL,Tampa Bay Lightning,Joseph,62,33,D,Chris,C,C,B,D,C,C,D,C,C,C,52,29,0,161,11,42,53,0.33,-19,0,5,1,3,4,,,,,,,,,,,,,
,,TBL,Tampa Bay Lightning,Gratton,63,54,C,Chris,B,C,B,C,C,C,D,C,D,C,55,19,0,0,0,0,0,0.00,0,0,0,0,0,0,,,,,,,,,,,,,
,,TBL,Tampa Bay Lightning,Tucker,51,78,C,John,C,C,C,D,B,C,C,C,D,C,59,28,0,481,145,216,361,0.76,-1,11,29,10,18,28,,,,,,,,,,,,,
,,TBL,Tampa Bay Lightning,Hamrlik,56,45,D,Roman,C,D,C,B,C,C,F,C,C,D,48,28,0,67,6,15,21,0.31,-21,1,0,0,0,0,,,,,,,,,,,,,
,,TBL,Tampa Bay Lightning,Creighton,51,45,C,Adam,D,C,D,B,C,D,D,C,C,D,49,24,0,527,151,174,325,0.67,-27,21,41,8,13,21,,,,,,,,,,,,,
,,TBL,Tampa Bay Lightning,Bergevin,46,49,D,Marc,D,D,D,C,C,F,F-,C,D,C,46,24,0,499,23,75,98,0.20,-65,2,18,1,3,4,,,,,,,,,,,,,
,,TBL,Tampa Bay Lightning,Zamuner,48,54,LW,Rob,D,D,C,C,B,C,D,C,D,D,49,27,0,93,16,30,46,0.49,-25,0,0,0,0,0,,,,,,,,,,,,,
,,TBL,Tampa Bay Lightning,Bureau,38,49,C,Marc,D,D,C,C,C,D,D,C,D,D,47,30,0,128,16,31,47,0.37,-25,1,28,3,2,5,,,,,,,,,,,,,
,,TBL,Tampa Bay Lightning,Chambers,51,56,D,Shawn,D,D,D,D,C,D,D,C,D,D,49,27,0,255,25,76,101,0.40,-34,3,33,2,10,12,,,,,,,,,,,,,
,,TBL,Tampa Bay Lightning,Gallant,53,58,LW,Gerard,D,C,B,F,C,B,D,D,D,D,49,23,0,563,207,260,467,0.86,61,25,58,18,21,39,,,,,,,,,,,,,
,,TBL,Tampa Bay Lightning,Poeschek,36,41,D,Rudy,D,D,B,C,C,C,F,D,D,D,44,23,0,73,0,2,2,0.03,-14,0,0,0,0,0,,,,,,,,,,,,,
,,TBL,Tampa Bay Lightning,Ciccone,33,44,D,Enrico,F,F,A,B,C,D,F,F,D,F,38,23,0,42,0,1,1,0.02,0,0,0,0,0,0,,,,,,,,,,,,,
,,TBL,Tampa Bay Lightning,Charron,36,44,D,Eric,F,F,B,B,D,D,F,F,D,F,38,30,0,3,0,0,0,0.00,0,0,0,0,0,0,,,,,,,,,,,,,
,,TBL,Tampa Bay Lightning,Cummins,32,32,RW,Jim,F,F,A,B,D,D,F,F,F,F,35,34,0,8,1,1,2,0.25,0,0,0,0,0,0,,,,,,,,,,,,,
Potvin,89,TOR,Toronto Maple Leafs,Gilmour,94,81,C,Doug,C,A,C,F-,A+,B,B,A,A ,B,91,29,6,773,277,548,825,0.96,140,34,105,42,76,118,Felix,25,17,2,11,1,8,1282,1406,10,574,636,0
Rhodes,58,TOR,Toronto Maple Leafs,Gartner,79,46,RW,Mike,A ,B,D,A,A,D,C,C,A ,A,74,28,5,1089,583,524,1107,0.94,57,72,81,30,39,69,Damian,1,0,0,0,0,0,25,26,0,0,0,0
,,TOR,Toronto Maple Leafs,Ellett,59,71,D,Dave,A ,B,D,D,B,C,F,B,A ,B,71,28,1,684,127,301,428,0.68,-42,16,54,8,24,32,,,,,,,,,,,,,
,,TOR,Toronto Maple Leafs,Borshevsky,68,39,RW,Nikolai,C,B,F,D,B,D,B,B,B,B,70,30,0,78,34,40,74,0.95,33,4,16,2,7,9,,,,,,,,,,,,,
,,TOR,Toronto Maple Leafs,Clark,69,61,LW,Wendel,A+,B,B,B,B,B,B,C,C,C,71,29,1,399,162,116,278,0.84,-81,19,49,22,17,39,,,,,,,,,,,,,
,,TOR,Toronto Maple Leafs,Andreychuk,82,58,LW,Dave,A,C,D,B,A,C,A,B,C,D,76,26,2,794,373,436,809,1.02,40,36,62,24,27,51,,,,,,,,,,,,,
,,TOR,Toronto Maple Leafs,Cullen,61,65,C,John,C,B,C,F,B,D,B,C,B,C,64,32,0,372,127,251,378,1.06,-95,12,36,9,17,26,,,,,,,,,,,,,
,,TOR,Toronto Maple Leafs,Eastwood,57,54,C,Mike,D,D,D,D,C,D,D,C,C,B,58,28,0,21,1,8,9,0.43,-6,0,10,1,2,3,,,,,,,,,,,,,
,,TOR,Toronto Maple Leafs,Macoun,42,69,D,Jamie,B,B,D,B,B,B,F,C,C,C,60,33,0,702,69,212,281,0.45,213,7,105,6,25,31,,,,,,,,,,,,,
,,TOR,Toronto Maple Leafs,Zezel,44,71,C,Peter,C,B,F,F,B,B,C,C,C,C,64,28,0,621,182,328,510,0.70,12,31,98,19,35,54,,,,,,,,,,,,,
,,TOR,Toronto Maple Leafs,Krushelnyski,58,73,C,Mike,D,D,D,C,B,C,C,C,C,C,61,28,0,823,234,319,553,0.71,181,24,125,29,43,72,,,,,,,,,,,,,
,,TOR,Toronto Maple Leafs,Mironov,62,65,D,Dmitri,C,C,D,F,C,F,D,C,C,C,54,29,0,66,8,24,32,0.48,-5,2,14,1,2,3,,,,,,,,,,,,,
,,TOR,Toronto Maple Leafs,Gill,52,48,D,Todd,D,D,C,F,B,C,D,C,C,C,57,22,0,473,41,143,184,0.38,-57,6,46,4,18,22,,,,,,,,,,,,,
,,TOR,Toronto Maple Leafs,Rouse,31,69,D,Bob,D,D,B,B,B,B,F,C,C,C,55,26,0,655,26,125,151,0.23,-59,4,45,7,11,18,,,,,,,,,,,,,
,,TOR,Toronto Maple Leafs,Manderville,44,62,LW,Kent,D,D,F,C,C,D,D,C,C,C,51,22,0,33,1,5,6,0.18,-8,1,18,1,0,1,,,,,,,,,,,,,
,,TOR,Toronto Maple Leafs,Berg,45,49,LW,Bill,D,D,B,B,B,B,C,C,C,D,52,32,0,212,28,36,64,0.30,-20,3,21,1,1,2,,,,,,,,,,,,,
,,TOR,Toronto Maple Leafs,Pearson,54,49,RW,Rob,C,D,A,A,B,D,C,C,D,D,54,22,0,125,37,24,61,0.49,-18,3,14,2,2,4,,,,,,,,,,,,,
,,TOR,Toronto Maple Leafs,Osborne,45,68,LW,Mark,D,D,C,B,B,C,D,C,D,D,51,21,0,809,202,301,503,0.53,-94,25,62,7,14,21,,,,,,,,,,,,,
,,TOR,Toronto Maple Leafs,Martin,39,39,D,Matt,D,C,D,D,C,D,D,C,D,D,45,26,0,0,0,0,0,0.00,0,0,0,0,0,0,,,,,,,,,,,,,
,,TOR,Toronto Maple Leafs,Berehowsky,46,60,D,Drake,D,D,C,F,C,C,D,D,D,D,47,27,0,50,4,16,20,0.40,-5,1,0,0,0,0,,,,,,,,,,,,,
,,TOR,Toronto Maple Leafs,Lefebvre,33,56,D,Sylvain,F,C,C,B,B,C,F-,C,D,D,46,22,0,281,13,54,67,0.24,24,1,40,4,3,7,,,,,,,,,,,,,
,,TOR,Toronto Maple Leafs,Baumgartner,25,45,LW,Ken,D,D,A,C,D,C,F,F,D,D,40,28,0,340,6,18,24,0.07,-42,0,21,1,1,2,,,,,,,,,,,,,
McLean,73,VAN,Vancouver Canucks,Bure,99,43,RW,Pavel,A+,C,D,A,B,D,A,A,A+,A+,94,31,1,148,94,76,170,1.13,35,15,25,11,11,22,Kirk,130,136,13,15,2,33,7659,8661,17,866,966,2
Whitmore,87,VAN,Vancouver Canucks,Ronning,73,50,C,Cliff,D,B,F,F,A,F,C,C,A ,A,78,27,0,350,113,180,293,0.77,45,10,47,18,22,40,Kay,41,41,4,0,0,14,2471,2808,2,67,78,0
,,VAN,Vancouver Canucks,Courtnall,69,73,LW,Geoff,B,B,B,C,C,F,D,C,A ,A,71,30,1,661,246,274,520,0.87,93,41,79,19,42,61,,,,,,,,,,,,,
,,VAN,Vancouver Canucks,Brown,67,77,D,Jeff,A ,A,D,F,A,D,C,B,B,C,73,25,1,503,120,284,404,0.85,-51,13,56,13,31,44,,,,,,,,,,,,,
,,VAN,Vancouver Canucks,Adams,63,48,LW,Greg,C,C,D,F,B,C,B,C,B,B,71,23,0,576,228,234,462,0.69,-56,19,30,9,11,20,,,,,,,,,,,,,
,,VAN,Vancouver Canucks,Carson,68,44,C,Jimmy,C,C,F,C,B,F,B,C,B,B,65,28,1,518,254,259,513,0.97,-11,27,53,17,14,31,,,,,,,,,,,,,
,,VAN,Vancouver Canucks,Linden,71,78,C,Trevor,B,B,D,C,B,C,B,B,C,C,72,22,1,397,148,179,327,0.90,-30,18,38,12,27,39,,,,,,,,,,,,,
,,VAN,Vancouver Canucks,Momesso,60,52,LW,Sergio,B,D,B,B,B,A,D,C,B,C,62,28,0,481,116,150,266,0.58,30,18,70,9,20,29,,,,,,,,,,,,,
,,VAN,Vancouver Canucks,Slegr,61,54,D,Jiri,C,C,B,F,B,D,F,C,B,B,58,27,0,41,4,22,26,0.63,16,0,5,0,3,3,,,,,,,,,,,,,
,,VAN,Vancouver Canucks,Diduck,32,55,D,Gerald,D,C,B,D,C,B,F,C,B,B,55,29,0,534,42,107,149,0.28,61,3,48,6,3,9,,,,,,,,,,,,,
,,VAN,Vancouver Canucks,Lumme,64,69,D,Jyrki,C,B,D,F,B,F,F,B,B,C,65,23,0,315,30,124,154,0.62,60,3,31,4,11,15,,,,,,,,,,,,,
,,VAN,Vancouver Canucks,Craven,55,50,C,Murray,C,C,F,F,C,C,B,C,C,C,62,27,0,707,205,365,570,0.84,102,24,63,16,24,40,,,,,,,,,,,,,
,,VAN,Vancouver Canucks,Gelinas,54,39,LW,Martin,C,C,D,B,D,D,C,C,C,C,52,23,0,258,60,60,120,0.57,9,5,53,6,12,18,,,,,,,,,,,,,
,,VAN,Vancouver Canucks,Charbonneau,42,45,RW,Jose,C,D,C,B,D,D,B,C,D,C,51,27,0,38,1,6,7,0.18,-3,0,8,0,0,0,,,,,,,,,,,,,
,,VAN,Vancouver Canucks,Odjick,44,54,LW,Gino,C,D,A+,C,C,B,D,C,C,D,51,23,0,185,15,20,35,0.19,-4,1,11,0,0,0,,,,,,,,,,,,,
,,VAN,Vancouver Canucks,Murzyn,43,59,D,Dana,B,D,C,B,B,C,F,C,D,D,49,32,0,545,38,109,147,0.27,106,5,61,9,9,18,,,,,,,,,,,,,
,,VAN,Vancouver Canucks,Plavsic,40,59,D,Adrien,D,D,C,F,C,C,D,C,D,D,47,24,0,136,12,43,55,0.40,10,2,13,1,7,8,,,,,,,,,,,,,
,,VAN,Vancouver Canucks,Babych,49,79,D,Dave,C,C,D,D,B,D,F-,C,D,D,50,33,3,857,125,484,609,0.71,-192,17,74,15,34,49,,,,,,,,,,,,,
,,VAN,Vancouver Canucks,McIntyre,30,47,C,John,D,D,D,D,B,C,F,C,D,D,46,23,0,261,21,44,65,0.25,-20,2,20,0,5,5,,,,,,,,,,,,,
,,VAN,Vancouver Canucks,Hunter,30,42,RW,Tim,D,D,A,C,D,C,D,D,D,D,44,23,0,619,54,66,120,0.20,7,6,97,5,7,12,,,,,,,,,,,,,
,,VAN,Vancouver Canucks,Hedican,42,46,D,Bret,D,D,D,C,C,D,F-,C,D,D,45,25,0,46,1,8,9,0.20,-1,0,15,0,0,0,,,,,,,,,,,,,
,,VAN,Vancouver Canucks,Antoski,32,30,LW,Shawn,D,D,A,C,D,C,F,F,F,F,38,25,0,8,0,0,0,0.00,-3,0,0,0,0,0,,,,,,,,,,,,,
Beaupre,68,WAS,Washington Capitals,Bondra,77,60,RW,Peter,A,C,D,B,B,F,B,A,B,A+,76,30,0,208,77,92,169,0.86,14,11,17,6,9,15,Don,230,205,13,28,2,64,11307,13056,29,1179,1376,1
Tabaracci,53,WAS,Washington Capitals,Juneau,79,48,C,Joe,B,A,F,F-,B,D,C,B,B,A,82,24,0,98,37,84,121,1.27,29,3,19,6,12,18,Rick,18,28,3,4,0,7,1512,1719,7,332,372,0
Dafoe,52,WAS,Washington Capitals,Ridley,69,52,C,Mike,C,B,D,F-,B,D,A,B,B,B,75,27,1,625,230,348,578,0.92,24,35,81,21,43,64,Byron,0,0,0,0,0,0,0,0,0,0,0,0
,,WAS,Washington Capitals,Khristich,69,57,RW,Dimitri,B,B,D,D,B,C,A+,A,C,C,74,30,0,184,80,86,166,0.92,52,8,24,6,10,16,,,,,,,,,,,,,
,,WAS,Washington Capitals,Pivonka,78,47,LW,Michal,C,B,D,F-,C,C,C,B,C,B,70,24,0,501,126,266,392,0.76,11,14,62,11,23,34,,,,,,,,,,,,,
,,WAS,Washington Capitals,Miller,54,56,LW,Kelly,C,B,D,F,B,D,C,C,B,B,64,27,0,636,131,205,336,0.52,54,21,85,18,22,40,,,,,,,,,,,,,
,,WAS,Washington Capitals,Peake,53,41,C,Pat,C,D,F,B,C,F,C,C,B,C,55,25,0,0,0,0,0,0.00,0,0,0,0,0,0,,,,,,,,,,,,,
,,WAS,Washington Capitals,Burridge,62,52,LW,Randy,B,C,C,C,C,C,A,C,C,D,60,33,0,429,131,159,290,0.71,53,20,84,13,31,44,,,,,,,,,,,,,
,,WAS,Washington Capitals,Jones,49,47,RW,Keith,D,C,A,D,C,B,C,C,D,C,59,28,0,71,12,14,26,0.37,18,3,6,0,0,0,,,,,,,,,,,,,
,,WAS,Washington Capitals,Hunter,78,68,C,Dale,C,B,A+,F,B,B,B,C,D,D,66,35,0,1002,269,570,839,0.74,109,30,126,36,57,93,,,,,,,,,,,,,
,,WAS,Washington Capitals,Krygier,43,47,LW,Todd,D,F,D,A,C,D,D,D,D,B,49,21,0,274,55,58,113,0.41,-9,6,24,5,5,10,,,,,,,,,,,,,
,,WAS,Washington Capitals,Poulin,43,73,C,Dave,D,C,D,F,C,C,D,C,C,D,51,28,0,632,195,301,496,0.68,211,28,116,29,40,69,,,,,,,,,,,,,
,,WAS,Washington Capitals,Konowalchuk,45,44,LW,Steve,D,D,D,C,D,C,D,C,D,D,47,26,0,37,4,7,11,0.30,4,1,2,0,1,1,,,,,,,,,,,,,
,,WAS,Washington Capitals,Berube,32,38,LW,Craig,D,F,A,B,D,C,D,D,D,D,45,27,0,388,26,45,71,0.18,-36,5,27,0,1,1,,,,,,,,,,,,,
,,WAS,Washington Capitals,Johansson,51,71,D,Calle,A+,B,D,B,A,C,A,A,A ,A+,90,27,1,437,47,208,255,0.54,16,7,50,4,26,30,,,,,,,,,,,,,
,,WAS,Washington Capitals,Hatcher,68,73,D,Kevin,B,B,D,D,B,D,B,B,B,B,77,21,3,613,133,253,386,0.74,3,21,72,13,28,41,,,,,,,,,,,,,
,,WAS,Washington Capitals,Cote,48,74,D,Sylvain,C,C,B,F,B,D,C,B,B,B,70,31,0,537,63,119,182,0.42,-13,7,35,3,9,12,,,,,,,,,,,,,
,,WAS,Washington Capitals,Slaney,45,48,D,John,C,B,D,F,B,D,C,B,A ,C,73,28,0,0,0,0,0,0.00,0,0,0,0,0,0,,,,,,,,,,,,,
,,WAS,Washington Capitals,Johnson,37,70,D,Jim,A ,C,B,B,A,B,F,C,B,B,65,25,0,584,22,134,156,0.27,15,2,32,1,9,10,,,,,,,,,,,,,
,,WAS,Washington Capitals,Reekie,46,55,D,Joe,B,C,B,B,B,B,B,B,C,C,73,23,0,297,13,62,75,0.23,54,3,2,0,0,0,,,,,,,,,,,,,
,,WAS,Washington Capitals,Anderson,36,45,D,Shawn,C,A,C,F-,C,C,B,B,C,C,67,26,0,204,11,42,53,0.24,2,0,11,0,1,1,,,,,,,,,,,,,
Cheveldae,64,WPG,Winnipeg Jets,Selanne,94,41,RW,Teemu,C,C,D,F,B,C,D,C,B,C,63,24,1,84,76,56,132,1.57,8,7,6,4,2,6,Tim,112,84,8,9,2,29,5759,6519,15,614,685,1
O'Neill,39,WPG,Winnipeg Jets,Emerson,70,54,RW,Nelson,D,D,B,C,B,B,D,B,C,C,62,23,0,165,45,90,135,0.78,-5,6,17,4,9,13,Mike,0,0,0,0,0,1,34,41,0,0,0,0
,,WPG,Winnipeg Jets,Drake,61,75,RW,Dallas,D,C,F,D,C,D,C,C,C,C,52,26,0,72,18,26,44,0.61,15,5,7,3,3,6,,,,,,,,,,,,,
,,WPG,Winnipeg Jets,Zhamnov,76,51,C,Alexei,D,D,C,F,A,B,D,C,C,C,55,21,0,68,25,47,72,1.06,7,4,6,0,2,2,,,,,,,,,,,,,
,,WPG,Winnipeg Jets,Manson,62,49,D,Dave,C,D,A+,F,B,C,C,C,C,D,53,33,1,492,69,150,219,0.42,-4,6,66,5,22,27,,,,,,,,,,,,,
,,WPG,Winnipeg Jets,Tkachuk,70,63,LW,Keith,C,C,D,D,B,C,C,C,C,D,59,25,0,100,31,28,59,0.78,-13,2,13,7,0,7,,,,,,,,,,,,,
,,WPG,Winnipeg Jets,Steen,58,61,C,Thomas,D,D,D,A,D,C,C,C,C,D,47,27,2,843,240,511,751,1.07,-19,27,56,12,32,44,,,,,,,,,,,,,
,,WPG,Winnipeg Jets,Numminen,59,56,D,Teppo,C,D,D,B,D,D,C,C,D,D,47,27,0,374,32,135,167,0.59,-11,2,20,2,3,5,,,,,,,,,,,,,
,,WPG,Winnipeg Jets,King,44,77,LW,Kris,D,D,B,F-,B,B,F-,C,C,D,51,30,0,355,38,44,82,0.21,12,3,37,7,3,10,,,,,,,,,,,,,
,,WPG,Winnipeg Jets,Borsato,47,60,LW,Luciano,D,D,D,B,B,C,F,C,D,D,46,24,0,124,30,42,72,0.58,-7,4,7,1,0,1,,,,,,,,,,,,,
,,WPG,Winnipeg Jets,Eagles,30,76,C,Mike,D,C,C,B,B,B,F,C,D,D,47,24,0,487,55,91,146,0.24,-71,6,19,1,1,2,,,,,,,,,,,,,
,,WPG,Winnipeg Jets,Domi,46,48,RW,Tie,C,D,D,C,C,D,F,D,D,D,43,23,0,133,8,14,22,0.22,-8,1,12,2,1,3,,,,,,,,,,,,,
,,WPG,Winnipeg Jets,Shannon,47,56,RW,Darrin,D,D,C,B,B,C,F-,D,D,D,44,29,0,207,43,80,123,0.59,-5,5,27,3,8,11,,,,,,,,,,,,,
,,WPG,Winnipeg Jets,Romaniuk,35,45,LW,Russ,D,D,D,C,C,C,F-,D,D,F,39,24,0,55,6,6,12,0.22,2,2,1,0,0,0,,,,,,,,,,,,,
,,WPG,Winnipeg Jets,LeBlanc,46,34,LW,John,C,B,D,F,B,D,D,C,B,B,64,30,0,64,20,11,31,0.00,-17,2,1,0,0,0,,,,,,,,,,,,,
,,WPG,Winnipeg Jets,Ulanov,43,79,D,Igor,A ,B,B,B,B,A,D,C,C,C,75,25,0,83,4,23,27,0.33,11,0,11,0,0,0,,,,,,,,,,,,,
,,WPG,Winnipeg Jets,Gilhen,31,74,C,Randy,C,C,C,C,B,C,D,C,C,C,60,24,0,331,41,44,85,0.26,-38,4,33,3,2,5,,,,,,,,,,,,,
,,WPG,Winnipeg Jets,Quintal,33,61,D,Stephane,C,D,F,A,D,D,C,C,C,C,51,30,0,259,9,35,44,0.17,-31,0,16,1,3,4,,,,,,,,,,,,,
,,WPG,Winnipeg Jets,McBean,40,35,D,Wayne,C,C,C,D,B,C,D,C,C,D,52,25,0,161,7,26,33,0.20,-38,1,2,1,1,2,,,,,,,,,,,,,
,,WPG,Winnipeg Jets,Kennedy,38,48,D,Dean,D,D,C,C,C,C,D,C,C,D,50,26,0,601,22,94,116,0.19,-36,6,36,1,7,8,,,,,,,,,,,,,
,,WPG,Winnipeg Jets,Shannon,30,38,D,Darryl,D,D,F,C,D,C,F,C,D,D,43,31,0,98,3,13,16,0.16,-26,0,0,0,0,0,,,,,,,,,,,,,
